collision-id,report-number,report-version,is-preliminary,ncic-code,crash-date-time,crash-time-description,beat,city-id,city-code,city-name,county-code,city-is-active,city-is-incorporated,collision-type-code,collision-type-description,collision-type-other-desc,day-of-week,dispatch-notified,has-photographs,hit-run,is-attachments-mailed,is-deleted,is-highway-related,is-tow-away,judicial-district,motor-vehicle-involved-with-code,motor-vehicle-involved-with-desc,motor-vehicle-involved-with-other-desc,number-injured,number-killed,weather-1,weather-2,road-condition-1,road-condition-2,special-condition-lighting-code,lighting-description,latitude,longitude,milepost-direction,milepost-distance,milepost-marker,milepost-unit-of-measure,pedestrian-action-code,pedestrian-action-desc,prepared-date,primary-collision-factor-code,primary-collision-factor-violation,primary-collision-factor-is-cited,primary-collision-party-number,primary-road,reporting-district,reporting-district-code,reviewed-date,roadway-surface-code,secondary-direction,secondary-distance,secondary-road,secondary-unit-of-measure,sketch-desc,traffic-control-device-code,created-date,modified-date,is-county-road,is-freeway,chp-555-version,is-additonal-object-struck,notification-date,notification-time-description,has-digital-media-files,evidence-number,is-location-refer-to-narrative,is-aoi-one-same-as-location
1384675,9370-2021-00038,1,False,9370,1/5/2021 4:30:00 PM,1630,052,14,109,Oakland,1,True,True,C,REAR END,,Tuesday,NotApplicable,False,,,False,True,True,Oakland Superior,C,OTHER MOTOR VEHICLE,,0,0,CLEAR,,NO UNUSUAL CONDITIONS,,A,DAYLIGHT,37.755878,-122.149409,,,,,A,NO PEDESTRIANS INVOLVED,1/5/2021 12:00:00 AM,A,22350,False,1,I-580 E/B,,,1/10/2021 4:54:43 PM,A,W,1056.0,Golf Links Rd,F,,D,1/10/2021 4:55:14 PM,1/10/2021 4:55:14 PM,,True,2,,,,,,,
1384671,9370-2021-00047,1,False,9370,1/5/2021 1:52:00 PM,1352,177,14,109,Oakland,1,True,True,C,REAR END,,Tuesday,NotApplicable,False,,,False,True,True,Oakland Superior,C,OTHER MOTOR VEHICLE,,0,0,CLEAR,,NO UNUSUAL CONDITIONS,,A,DAYLIGHT,37.473111,-122.154236,,,,,A,NO PEDESTRIANS INVOLVED,1/5/2021 12:00:00 AM,A,22350,False,2,I-880 N/B,,,1/10/2021 4:29:55 PM,A,N,650.0,5th Ave,F,,D,1/10/2021 4:30:45 PM,1/10/2021 4:30:45 PM,,True,2,,,,,,,
1384670,9370-2021-00043,1,False,9370,1/5/2021 5:25:00 PM,1725,176,14,109,Oakland,1,True,True,C,REAR END,,Tuesday,NotApplicable,False,,,False,True,True,Oakland Superior,C,OTHER MOTOR VEHICLE,,0,0,CLEAR,,NO UNUSUAL CONDITIONS,,D,DARK-NO STREET LIGHTS,37.462029,-122.133148,,,,,A,NO PEDESTRIANS INVOLVED,1/5/2021 12:00:00 AM,A,22350,False,1,I-880 S/B,,,1/10/2021 4:23:33 PM,A,N,1530.0,High St,F,,D,1/10/2021 4:24:06 PM,1/10/2021 4:24:06 PM,,True,2,,,,,,,
1384669,9370-2021-00016,1,False,9370,1/2/2021 7:40:00 AM,740,177,14,109,Oakland,1,True,True,C,REAR END,,Saturday,NotApplicable,False,,,False,True,True,Oakland Superior,C,OTHER MOTOR VEHICLE,,0,0,CLEAR,,NO UNUSUAL CONDITIONS,,A,DAYLIGHT,37.825472,-122.291233,,,,,A,NO PEDESTRIANS INVOLVED,1/2/2021 12:00:00 AM,A,22350,False,1,I-880 S/B,,,1/10/2021 4:12:54 PM,B,N,2300.0,WEST GRAND AVENUE,F,,D,1/10/2021 4:13:28 PM,1/10/2021 4:13:28 PM,,True,2,,,,,,,
1384668,9370-2021-00031,1,False,9370,1/4/2021 4:35:00 PM,1635,013,14,109,Oakland,1,True,True,E,HIT OBJECT,,Monday,Yes,False,,,False,True,True,Oakland Superior,I,FIXED OBJECT,CONCRETE CURB,1,0,CLEAR,,NO UNUSUAL CONDITIONS,,A,DAYLIGHT,37.472031,-122.105201,,,,,A,NO PEDESTRIANS INVOLVED,1/4/2021 12:00:00 AM,A,22107,False,1,SR-13 N/B,,,1/10/2021 4:10:33 PM,B,S,1845.0,Carson St,F,,D,1/10/2021 4:11:19 PM,1/10/2021 4:11:19 PM,,True,2,,,,,,,
1384664,9370-2021-00007,1,False,9370,1/2/2021 7:35:00 AM,735,008,14,109,Oakland,1,True,True,E,HIT OBJECT,,Saturday,NotApplicable,False,,,False,True,True,Oakland Superior,I,FIXED OBJECT,Metal Attenuator,0,0,CLOUDY,RAINING,NO UNUSUAL CONDITIONS,,A,DAYLIGHT,37.82849,-122.29363,,,,,A,NO PEDESTRIANS INVOLVED,1/2/2021 12:00:00 AM,A,22107,False,1,I-80 W/B to I-880 S/B,,,1/10/2021 3:13:11 PM,B,W,3550.0,Powell St,F,,D,1/10/2021 3:13:56 PM,1/10/2021 3:13:56 PM,,True,2,,,,,,,
1383996,9335-2021-00023,1,False,9335,1/3/2021 10:40:00 AM,1040,082,14,109,Oakland,1,True,True,D,BROADSIDE,,Sunday,NotApplicable,False,,,False,True,False,Oakland Superior,C,OTHER MOTOR VEHICLE,,0,0,CLOUDY,,NO UNUSUAL CONDITIONS,,A,DAYLIGHT,37.823918,-122.317377,,,,,A,NO PEDESTRIANS INVOLVED,1/3/2021 12:00:00 AM,A,21658(a),False,1,I-80 W/B,,,1/8/2021 8:45:27 AM,B,W,18.0,SFOBB METERING LIGHTS,F,,D,1/8/2021 8:45:57 AM,1/8/2021 8:45:57 AM,,True,2,,,,,,,
1383717,9370-2021-00052,1,False,9370,1/6/2021 1:05:00 PM,1305,013,14,109,Oakland,1,True,True,E,HIT OBJECT,,Wednesday,NotApplicable,False,,,False,True,True,Oakland Superior,I,FIXED OBJECT,CONCRETE WALL,1,0,CLOUDY,RAINING,HOLES- DEEPRUT*,,A,DAYLIGHT,37.84271,-122.225773,,,,,A,NO PEDESTRIANS INVOLVED,1/6/2021 12:00:00 AM,A,22350,False,1,SR-13 SB TO BROADWAY TERRACE,,,1/7/2021 5:06:04 PM,B,N,170.0,Broadway Ter,F,,D,1/7/2021 5:07:07 PM,1/7/2021 5:07:07 PM,,True,2,,,,,,,
1383700,9370-2021-00011,1,False,9370,1/2/2021 5:35:00 PM,1735,055,14,109,Oakland,1,True,True,B,SIDE SWIPE,,Saturday,NotApplicable,False,M,,False,True,False,Oakland Superior,C,OTHER MOTOR VEHICLE,,0,0,CLOUDY,RAINING,NO UNUSUAL CONDITIONS,,D,DARK-NO STREET LIGHTS,37.827055,-122.285628,,,,,A,NO PEDESTRIANS INVOLVED,1/2/2021 12:00:00 AM,A,21658(A) VC,False,1,I-580 W/B,,,1/7/2021 4:41:59 PM,B,W,300.0,Hollis St,F,,D,1/7/2021 4:43:44 PM,1/7/2021 4:43:44 PM,,True,2,,,,,,,
1383123,9370-2021-00044,1,False,9370,1/6/2021 3:10:00 AM,310,052,14,109,Oakland,1,True,True,F,OVERTURNED,,Wednesday,NotApplicable,False,,,False,True,True,Oakland Superior,A,NON-COLLISION,,0,0,CLEAR,,NO UNUSUAL CONDITIONS,,C,DARK-STREET LIGHTS,37.783676,-122.179093,,,,,A,NO PEDESTRIANS INVOLVED,1/6/2021 12:00:00 AM,A,22107,False,1,I-580 E/B,,,1/7/2021 8:20:51 AM,A,W,260.0,SR-13 S/B,F,,D,1/7/2021 8:21:22 AM,1/7/2021 8:21:22 AM,,True,2,,,,,,,
1383088,9370-2021-00034,1,False,9370,1/4/2021 3:00:00 PM,1500,055,14,109,Oakland,1,True,True,E,HIT OBJECT,,Monday,NotApplicable,False,,,False,True,False,Oakland Superior,I,FIXED OBJECT,concrete curb,0,0,CLEAR,,NO UNUSUAL CONDITIONS,,A,DAYLIGHT,37.823405,-122.263417,,,,,A,NO PEDESTRIANS INVOLVED,1/4/2021 12:00:00 AM,A,22107,False,1,I-580 W/B,,,1/7/2021 7:48:35 AM,B,W,200.0,Webster St,F,,D,1/7/2021 7:49:51 AM,1/7/2021 7:49:51 AM,,True,2,,,,,,,
1383017,9370-2021-00001,1,False,9370,1/1/2021 2:50:00 AM,250,176,14,109,Oakland,1,True,True,C,REAR END,,Friday,NotApplicable,False,M,,False,True,True,Oakland Superior,C,OTHER MOTOR VEHICLE,,0,0,CLEAR,,NO UNUSUAL CONDITIONS,,D,DARK-NO STREET LIGHTS,37.75395,-122.20833,,,,,A,NO PEDESTRIANS INVOLVED,1/1/2021 12:00:00 AM,C,,,,I-880 S/B,,,1/7/2021 6:20:12 AM,A,S,5.0,66th Ave,F,,D,1/7/2021 6:22:19 AM,1/7/2021 6:22:19 AM,,True,2,,,,,,,
1383014,9370-2021-00056,1,False,9370,1/1/2021 2:40:00 AM,240,176,14,109,Oakland,1,True,True,E,HIT OBJECT,,Friday,NotApplicable,False,M,,False,True,True,Oakland Superior,I,FIXED OBJECT,GAURD RAIL,0,0,CLEAR,,NO UNUSUAL CONDITIONS,,D,DARK-NO STREET LIGHTS,37.75395,-122.20833,,,,,A,NO PEDESTRIANS INVOLVED,1/1/2021 12:00:00 AM,A,22107,False,1,I-880 S/B,,,1/7/2021 6:16:21 AM,A,N,50.0,66th Ave,F,,D,1/7/2021 6:17:23 AM,1/7/2021 6:17:23 AM,,True,2,,,,,,,
1382816,9370-2021-00050,1,False,9370,1/6/2021 12:40:00 PM,1240,008,14,109,Oakland,1,True,True,E,HIT OBJECT,,Wednesday,NotApplicable,False,,,False,True,True,Oakland Superior,I,FIXED OBJECT,METAL GUARDRAIL,0,0,CLOUDY,,NO UNUSUAL CONDITIONS,,A,DAYLIGHT,37.493971,-122.174186,,,,,A,NO PEDESTRIANS INVOLVED,1/6/2021 12:00:00 AM,A,22107,False,1,I-80 E/B,,,1/6/2021 3:03:55 PM,B,W,4000.0,Powell St,F,,D,1/6/2021 3:04:34 PM,1/6/2021 3:04:34 PM,,True,2,,,,,,,
1382803,9370-2021-00003,1,False,9370,1/1/2021 2:38:00 AM,238,054,14,109,Oakland,1,True,True,B,SIDE SWIPE,,Friday,NotApplicable,False,,,False,True,False,Oakland Superior,C,OTHER MOTOR VEHICLE,,0,0,CLEAR,,NO UNUSUAL CONDITIONS,,D,DARK-NO STREET LIGHTS,37.81423,-122.251107,,,,,A,NO PEDESTRIANS INVOLVED,1/1/2021 12:00:00 AM,A,21658(a) VC,False,1,I-580 E/B,,,1/6/2021 2:53:44 PM,A,E,750.0,Chetwood St,F,,D,1/6/2021 2:54:18 PM,1/6/2021 2:54:18 PM,,True,2,,,,,,,
1382792,9370-2021-00048,1,False,9370,1/5/2021 6:30:00 PM,1830,055,14,109,Oakland,1,True,True,C,REAR END,,Tuesday,NotApplicable,False,,,False,True,False,Oakland Superior,C,OTHER MOTOR VEHICLE,,0,0,CLEAR,,NO UNUSUAL CONDITIONS,,D,DARK-NO STREET LIGHTS,37.811823,-122.250413,,,,,A,NO PEDESTRIANS INVOLVED,1/5/2021 12:00:00 AM,A,22350,False,1,I-580 E/B,,,1/6/2021 2:38:59 PM,A,W,1300.0,GRAND AVE.,M,,D,1/6/2021 2:39:33 PM,1/6/2021 2:39:33 PM,,True,2,,,,,,,
1382770,9370-2021-00049,1,False,9370,1/5/2021 6:31:00 PM,1831,055,14,109,Oakland,1,True,True,C,REAR END,,Tuesday,NotApplicable,False,,,False,True,False,Oakland Superior,C,OTHER MOTOR VEHICLE,,0,0,CLEAR,,NO UNUSUAL CONDITIONS,,D,DARK-NO STREET LIGHTS,37.811898,-122.250446,,,,,A,NO PEDESTRIANS INVOLVED,1/5/2021 12:00:00 AM,A,22350,False,1,I-580 E/B,,,1/6/2021 2:24:54 PM,A,W,1320.0,Grand Ave,F,,D,1/6/2021 2:25:28 PM,1/6/2021 2:25:28 PM,,True,2,,,,,,,
1382571,9370-2021-00027,1,False,9370,1/4/2021 10:50:00 AM,1050,054,14,109,Oakland,1,True,True,E,HIT OBJECT,,Monday,NotApplicable,False,,,False,True,True,Oakland Superior,I,FIXED OBJECT,DIRT EMBANKMENT,0,0,RAINING,,NO UNUSUAL CONDITIONS,,A,DAYLIGHT,37.793535,-122.204414,,,,,A,NO PEDESTRIANS INVOLVED,1/4/2021 12:00:00 AM,A,22107,False,1,I-580 W/B,,,1/6/2021 11:15:00 AM,B,W,300.0,35th Ave,F,,D,1/6/2021 11:15:35 AM,1/6/2021 11:15:35 AM,,True,2,,,,,,,
1381209,9370-2021-00021,1,False,9370,1/3/2021 12:50:00 PM,1250,054,14,109,Oakland,1,True,True,C,REAR END,,Sunday,Yes,False,,,False,True,False,Oakland Superior,C,OTHER MOTOR VEHICLE,,1,0,CLEAR,,NO UNUSUAL CONDITIONS,,A,DAYLIGHT,37.822326,-122.259759,,,,,A,NO PEDESTRIANS INVOLVED,1/3/2021 12:00:00 AM,A,22107,False,1,I-580 W/B,,,1/5/2021 1:45:57 PM,A,E,14.0,Broadway,F,,D,1/5/2021 1:47:58 PM,1/5/2021 1:47:58 PM,,True,2,,,,,,,
1380563,9370-2021-00002,1,False,9370,1/1/2021 12:30:00 AM,30,177,14,109,Oakland,1,True,True,E,HIT OBJECT,,Friday,NotApplicable,False,,,False,True,True,Oakland Superior,J,OTHER OBJECT,YELLOW BARRIER,0,0,CLEAR,,NO UNUSUAL CONDITIONS,,C,DARK-STREET LIGHTS,37.78008,-122.23845,,,,,A,NO PEDESTRIANS INVOLVED,1/1/2021 12:00:00 AM,A,21658(a),False,2,I-880 SB,,,1/5/2021 6:07:26 AM,A,N,910.0,23rd Ave,F,,D,1/5/2021 6:11:25 AM,1/5/2021 6:11:25 AM,,True,2,,,,,,,
1380353,9370-2021-00024,1,False,9370,1/4/2021 11:30:00 AM,1130,178,14,109,Oakland,1,True,True,E,HIT OBJECT,,Monday,NotApplicable,False,,,False,True,False,Oakland Superior,I,FIXED OBJECT,CONCRETE BARRIER,0,0,RAINING,,NO UNUSUAL CONDITIONS,,A,DAYLIGHT,37.802795,-122.286577,,,,,A,NO PEDESTRIANS INVOLVED,1/4/2021 12:00:00 AM,A,22350,False,1,I-880 N/B,,,1/4/2021 4:01:50 PM,B,N,78.0,Linden St,F,,D,1/4/2021 4:03:20 PM,1/4/2021 4:03:20 PM,,True,2,,,,,,,
1379567,9370-2021-00014,1,False,9370,1/2/2021 6:20:00 PM,1820,052,14,109,Oakland,1,True,True,C,REAR END,,Saturday,NotApplicable,False,M,,False,True,False,Oakland Superior,C,OTHER MOTOR VEHICLE,,0,0,RAINING,,NO UNUSUAL CONDITIONS,,C,DARK-STREET LIGHTS,37.760635,-122.148412,,,,,A,NO PEDESTRIANS INVOLVED,1/2/2021 12:00:00 AM,A,22350,False,1,I-580 E/B,,,1/4/2021 6:44:32 AM,B,W,2800.0,Golf Links Rd,F,,D,1/4/2021 6:45:24 AM,1/4/2021 6:45:24 AM,,True,2,,,,,,,
1379493,9370-2021-00009,2,False,9370,1/2/2021 1:45:00 PM,1345,008,14,109,Oakland,1,True,True,C,REAR END,,Saturday,NotApplicable,False,,,False,True,False,Oakland Superior,C,OTHER MOTOR VEHICLE,,0,0,CLOUDY,RAINING,NO UNUSUAL CONDITIONS,,A,DAYLIGHT,37.83065,-122.29336,,,,,A,NO PEDESTRIANS INVOLVED,1/2/2021 12:00:00 AM,A,22350 VC,False,1,I-80 E/B,,,1/15/2021 9:11:28 AM,B,W,2800.0,Powell St,F,,D,1/3/2021 7:09:52 PM,1/15/2021 9:11:32 AM,,True,2,,,,,,,
1379438,9335-2021-00002,1,False,9335,1/2/2021 1:22:00 PM,1322,082,14,109,Oakland,1,True,True,E,HIT OBJECT,,Saturday,Yes,True,M,,False,True,False,Oakland Superior,I,FIXED OBJECT,Lift Gate Arm,0,0,RAINING,,NO UNUSUAL CONDITIONS,,A,DAYLIGHT,37.82501,-122.313795,,,,,A,NO PEDESTRIANS INVOLVED,1/2/2021 12:00:00 AM,A,22350,False,1,I-80 W/B,,,1/3/2021 2:08:21 PM,B,E,25.0,the SFOBB Toll Plaza,F,,A,1/3/2021 2:09:08 PM,1/3/2021 2:09:08 PM,,True,2,,,,,,,
1407441,9370-2021-00369,1,False,9370,2/5/2021 10:10:00 AM,1010,177,14,109,Oakland,1,True,True,E,HIT OBJECT,,Friday,NotApplicable,False,,,False,True,False,Oakland Superior,J,OTHER OBJECT,WOOD,0,0,CLEAR,,NO UNUSUAL CONDITIONS,,A,DAYLIGHT,37.781259,-122.238802,,,,,A,NO PEDESTRIANS INVOLVED,2/5/2021 12:00:00 AM,C,,,,I-880 S/B,,,2/12/2021 7:52:14 AM,A,N,1400.0,23rd Ave,F,,D,2/12/2021 7:53:48 AM,2/12/2021 7:53:48 AM,,True,2,,,,,,,
1407363,9370-2021-00379,1,False,9370,2/6/2021 2:00:00 AM,200,055,14,109,Oakland,1,True,True,E,HIT OBJECT,,Saturday,Yes,False,,,False,True,True,Oakland Superior,I,FIXED OBJECT,METAL GUARDRAIL,1,0,CLEAR,,NO UNUSUAL CONDITIONS,,C,DARK-STREET LIGHTS,37.823419,-122.26348,,,,,A,NO PEDESTRIANS INVOLVED,2/6/2021 12:00:00 AM,A,23152(a),True,1,I-580 W/B,,,2/12/2021 5:41:19 AM,A,W,405.0,Webster Street,F,,D,2/12/2021 5:44:00 AM,2/12/2021 5:44:00 AM,,True,2,,,,,,,
1407260,9370-2021-00382,1,False,9370,2/5/2021 10:00:00 PM,2200,052,14,109,Oakland,1,True,True,C,REAR END,,Friday,Yes,False,,,False,True,True,Oakland Superior,C,OTHER MOTOR VEHICLE,,0,0,CLEAR,,NO UNUSUAL CONDITIONS,,D,DARK-NO STREET LIGHTS,37.780351,-122.171905,,,,,A,NO PEDESTRIANS INVOLVED,2/5/2021 12:00:00 AM,A,23152(a),True,1,I-580 W/B,,,2/11/2021 9:24:23 PM,A,E,700.0,Edwards Ave,F,,D,2/11/2021 9:25:12 PM,2/11/2021 9:25:12 PM,,True,2,,,,,,,
1407243,9370-2021-00391,1,False,9370,2/5/2021 8:24:00 PM,2024,177,14,109,Oakland,1,True,True,E,HIT OBJECT,,Friday,Yes,True,,,False,True,True,Oakland Superior,I,FIXED OBJECT,Attenuator,1,0,CLEAR,,NO UNUSUAL CONDITIONS,,A,DAYLIGHT,37.471161,-122.144711,,,,,A,NO PEDESTRIANS INVOLVED,2/5/2021 12:00:00 AM,A,23152(a),True,1,I-880 S/B,,,2/11/2021 6:11:07 PM,A,S,692.0,16th Avenue,F,,D,2/11/2021 6:11:56 PM,2/11/2021 6:11:56 PM,,True,2,,,,,,,
1407229,9370-2021-00348,1,False,9370,2/2/2021 5:25:00 AM,525,054,14,109,Oakland,1,True,True,E,HIT OBJECT,,Tuesday,Yes,False,,,False,True,True,Oakland Superior,I,FIXED OBJECT,FENCE/LIGHT POLE,0,0,RAINING,,NO UNUSUAL CONDITIONS,,C,DARK-STREET LIGHTS,37.809404,-122.244384,,,,,A,NO PEDESTRIANS INVOLVED,2/2/2021 12:00:00 AM,A,22350,False,1,I-580 W/B,,,2/11/2021 5:15:07 PM,B,E,300.0,Lakeshore Ave,F,,D,2/11/2021 5:15:42 PM,2/11/2021 5:15:42 PM,,True,2,,,,,,,
1407226,9370-2021-00395,1,False,9370,2/1/2021 3:03:00 AM,303,176,14,109,Oakland,1,True,True,E,HIT OBJECT,,Monday,Yes,False,M,,False,True,False,Oakland Superior,I,FIXED OBJECT,ATTENUATOR BARRELL,0,0,CLEAR,,NO UNUSUAL CONDITIONS,,D,DARK-NO STREET LIGHTS,37.771104,-122.223218,,,,,A,NO PEDESTRIANS INVOLVED,2/1/2021 12:00:00 AM,A,22107,False,1,I-880 S/B,,,2/11/2021 5:06:29 PM,A,N,792.0,42nd Ave,F,,D,2/11/2021 5:07:21 PM,2/11/2021 5:07:21 PM,,True,2,,,,,,,
1407171,9370-2021-00430,1,False,9370,2/10/2021 2:08:00 PM,1408,176,14,109,Oakland,1,True,True,C,REAR END,,Wednesday,NotApplicable,False,,,False,True,True,Oakland Superior,C,OTHER MOTOR VEHICLE,,0,0,CLEAR,,NO UNUSUAL CONDITIONS,,A,DAYLIGHT,37.45471,-122.12581,,,,,A,NO PEDESTRIANS INVOLVED,2/10/2021 12:00:00 AM,A,22350,False,1,I-880 N/B,,,2/11/2021 3:46:36 PM,A,S,2200.0,High St,F,,D,2/11/2021 3:47:24 PM,2/11/2021 3:47:24 PM,,True,2,,,,,,,
1407013,9370-2021-00380,1,False,9370,2/6/2021 1:00:00 PM,1300,025,14,109,Oakland,1,True,True,C,REAR END,,Saturday,NotApplicable,False,,,False,True,False,Oakland Superior,C,OTHER MOTOR VEHICLE,,0,0,CLEAR,,NO UNUSUAL CONDITIONS,,A,DAYLIGHT,37.494796,-122.16285,,,,,A,NO PEDESTRIANS INVOLVED,2/6/2021 12:00:00 AM,D,,,,SR-24 WB TO I-580,,,2/11/2021 1:05:56 PM,A,E,100.0,40th St,F,,D,2/11/2021 1:07:42 PM,2/11/2021 1:07:42 PM,,True,2,,,,,,,
1407006,9370-2021-00350,1,False,9370,2/2/2021 12:45:00 PM,1245,055,14,109,Oakland,1,True,True,E,HIT OBJECT,,Tuesday,NotApplicable,False,,,False,True,True,Oakland Superior,I,FIXED OBJECT,METAL GAURD RAIL,0,0,CLEAR,,NO UNUSUAL CONDITIONS,,A,DAYLIGHT,37.827139,-122.280555,,,,,A,NO PEDESTRIANS INVOLVED,2/2/2021 12:00:00 AM,A,22107,False,1,I-580 E/B,,,2/11/2021 1:00:11 PM,B,W,400.0,San Pablo Ave,F,,D,2/11/2021 1:00:56 PM,2/11/2021 1:00:56 PM,,True,2,,,,,,,
1406700,9345-2021-00222,1,False,9345,2/4/2021 1:37:00 AM,137,904,14,109,Oakland,1,True,True,E,HIT OBJECT,,Thursday,Yes,False,,,False,True,True,East County,I,FIXED OBJECT,CONCRETE WALL,0,0,CLEAR,,NO UNUSUAL CONDITIONS,,Courtesy ReportC,DARK-STREET LIGHTS,37.818659,-122.296174,,,,,A,NO PEDESTRIANS INVOLVED,2/4/2021 12:00:00 AM,A,23152(a),True,1,I-880 NORTHBOUND,,,2/11/2021 8:42:02 AM,A,S,500.0,W. Grand Ave,F,,D,2/11/2021 8:42:45 AM,2/11/2021 8:42:45 AM,,True,2,,,,,,,
1406670,9370-2021-00428,1,False,9370,2/10/2021 11:35:00 AM,1135,024,14,109,Oakland,1,True,True,B,SIDE SWIPE,,Wednesday,NotApplicable,False,M,,False,True,False,Oakland Superior,C,OTHER MOTOR VEHICLE,,0,0,CLEAR,,NO UNUSUAL CONDITIONS,,A,DAYLIGHT,37.85503,-122.21602,,,,,A,NO PEDESTRIANS INVOLVED,2/10/2021 12:00:00 AM,A,21658(a),False,2,SR-24 E/B,,,2/11/2021 8:23:41 AM,A,E,446.0,WEST EDGE OF BORE #1,F,,D,2/11/2021 8:24:11 AM,2/11/2021 8:24:11 AM,,True,2,,,,,,,
1406560,9370-2021-00318,1,False,9370,1/31/2021 9:55:00 AM,955,008,14,109,Oakland,1,True,True,C,REAR END,,Sunday,Yes,False,,,False,True,True,Oakland Superior,C,OTHER MOTOR VEHICLE,,3,0,CLEAR,,NO UNUSUAL CONDITIONS,,A,DAYLIGHT,37.824323,-122.31006,,,,,A,NO PEDESTRIANS INVOLVED,1/31/2021 12:00:00 AM,A,21658(a),False,1,I-80 E/B,,,2/11/2021 6:37:36 AM,A,W,138.0,WEST GRAND AVE,F,,D,2/11/2021 6:38:21 AM,2/11/2021 6:38:21 AM,,True,2,,,,,,,
1406540,9370-2021-00325,1,False,9370,2/1/2021 5:45:00 AM,545,055,14,109,Oakland,1,True,True,E,HIT OBJECT,,Monday,NotApplicable,False,,,False,True,True,Oakland Superior,I,FIXED OBJECT,CONCRETE HALF WALL,0,0,CLEAR,,NO UNUSUAL CONDITIONS,,D,DARK-NO STREET LIGHTS,37.823592,-122.264094,,,,,A,NO PEDESTRIANS INVOLVED,2/1/2021 12:00:00 AM,A,22107,False,1,I-580 W/B,,,2/11/2021 6:01:30 AM,A,E,900.0,Telegraph Ave,F,,D,2/11/2021 6:02:06 AM,2/11/2021 6:02:06 AM,,True,2,,,,,,,
1406362,9370-2021-00352,1,False,9370,2/3/2021 6:10:00 PM,1810,176,14,109,Oakland,1,True,True,B,SIDE SWIPE,,Wednesday,NotApplicable,False,M,,False,True,False,Oakland Superior,C,OTHER MOTOR VEHICLE,,0,0,CLEAR,,NO UNUSUAL CONDITIONS,,D,DARK-NO STREET LIGHTS,37.763211,-122.216049,,,,,A,NO PEDESTRIANS INVOLVED,2/3/2021 12:00:00 AM,A,21658(a),False,1,I-880 N/B,,,2/10/2021 3:58:01 PM,A,S,2200.0,High St,F,,D,2/10/2021 3:58:54 PM,2/10/2021 3:58:54 PM,,True,2,,,,,,,
1405743,9370-2021-00359,1,False,9370,2/3/2021 10:25:00 PM,2225,008,14,109,Oakland,1,True,True,B,SIDE SWIPE,,Wednesday,NotApplicable,False,,,False,True,True,Oakland Superior,C,OTHER MOTOR VEHICLE,,0,0,CLEAR,,NO UNUSUAL CONDITIONS,,C,DARK-STREET LIGHTS,37.49581,-122.174,,,,,A,NO PEDESTRIANS INVOLVED,2/3/2021 12:00:00 AM,A,21658(a),False,1,I-80 WB,,,2/10/2021 7:14:19 AM,A,W,2006.0,Powell St,F,,D,2/10/2021 7:15:31 AM,2/10/2021 7:15:31 AM,,True,2,,,,,,,
1405608,9370-2021-00344,1,False,9370,2/2/2021 3:05:00 PM,1505,176,14,109,Oakland,1,True,True,C,REAR END,,Tuesday,NotApplicable,False,,,False,True,True,Oakland Superior,C,OTHER MOTOR VEHICLE,,0,0,CLEAR,,NO UNUSUAL CONDITIONS,,A,DAYLIGHT,37.7745,-122.23246,,,,,A,NO PEDESTRIANS INVOLVED,2/2/2021 12:00:00 AM,A,22350,False,1,I-880 S/B,,,2/9/2021 8:30:25 PM,A,S,500.0,29th Ave,F,,D,2/9/2021 8:30:57 PM,2/9/2021 8:30:57 PM,,True,2,,,,,,,
1405593,9370-2021-00312,1,False,9370,1/30/2021 3:45:00 PM,1545,054,14,109,Oakland,1,True,True,H,OTHER,MECHANICAL,Saturday,NotApplicable,False,,,False,True,True,Oakland Superior,A,NON-COLLISION,,0,0,CLEAR,,NO UNUSUAL CONDITIONS,,A,DAYLIGHT,37.809207,-122.244285,,,,,A,NO PEDESTRIANS INVOLVED,1/30/2021 12:00:00 AM,C,,,,I-580 W/B,,,2/9/2021 5:33:22 PM,A,E,600.0,Lakeshore Ave,F,,D,2/9/2021 5:36:27 PM,2/9/2021 5:36:27 PM,,True,2,,,,,,,
1405528,9370-2021-00331,1,False,9370,2/1/2021 7:15:00 PM,1915,177,14,109,Oakland,1,True,True,B,SIDE SWIPE,,Monday,NotApplicable,False,,,False,True,False,Oakland Superior,C,OTHER MOTOR VEHICLE,,0,0,CLEAR,,NO UNUSUAL CONDITIONS,,C,DARK-STREET LIGHTS,37.80231,-122.284338,,,,,A,NO PEDESTRIANS INVOLVED,2/1/2021 12:00:00 AM,A,22350,False,1,I-880 N/B,,,2/9/2021 3:45:46 PM,B,N,300.0,Market St,F,,D,2/9/2021 3:46:17 PM,2/9/2021 3:46:17 PM,,True,2,,,,,,,