collision-id,report-number,report-version,is-preliminary,ncic-code,crash-date-time,crash-time-description,beat,city-id,city-code,city-name,county-code,city-is-active,city-is-incorporated,collision-type-code,collision-type-description,collision-type-other-desc,day-of-week,dispatch-notified,has-photographs,hit-run,is-attachments-mailed,is-deleted,is-highway-related,is-tow-away,judicial-district,motor-vehicle-involved-with-code,motor-vehicle-involved-with-desc,motor-vehicle-involved-with-other-desc,number-injured,number-killed,weather-1,weather-2,road-condition-1,road-condition-2,special-condition-lighting-code,lighting-description,latitude,longitude,milepost-direction,milepost-distance,milepost-marker,milepost-unit-of-measure,pedestrian-action-code,pedestrian-action-desc,prepared-date,primary-collision-factor-code,primary-collision-factor-violation,primary-collision-factor-is-cited,primary-collision-party-number,primary-road,reporting-district,reporting-district-code,reviewed-date,roadway-surface-code,secondary-direction,secondary-distance,secondary-road,secondary-unit-of-measure,sketch-desc,traffic-control-device-code,created-date,modified-date,is-county-road,is-freeway,chp-555-version,is-additonal-object-struck,notification-date,notification-time-description,has-digital-media-files,evidence-number,is-location-refer-to-narrative,is-aoi-one-same-as-location
1412159,9370-2021-00427,1,False,9370,2/9/2021 10:15:00 AM,1015,054,14,109,Oakland,1,True,True,B,SIDE SWIPE,,Tuesday,NotApplicable,False,,,False,True,False,Oakland Superior,C,OTHER MOTOR VEHICLE,,0,0,CLEAR,,NO UNUSUAL CONDITIONS,,A,DAYLIGHT,37.822012,-122.259665,,,,,A,NO PEDESTRIANS INVOLVED,2/9/2021 12:00:00 AM,A,21658(a),False,1,I-580 E/B,,,2/21/2021 2:03:15 PM,A,W,100.0,Piedmont Ave,F,,D,2/21/2021 2:03:55 PM,2/21/2021 2:03:55 PM,,True,2,,,,,,,
1411410,9335-2021-00178,1,False,9335,2/10/2021 4:15:00 PM,1615,082,14,109,Oakland,1,True,True,B,SIDE SWIPE,,Wednesday,NotApplicable,False,M,,False,True,False,Oakland Superior,C,OTHER MOTOR VEHICLE,,0,0,CLEAR,,NO UNUSUAL CONDITIONS,,A,DAYLIGHT,37.82201,-122.32981,,,,,A,NO PEDESTRIANS INVOLVED,2/10/2021 12:00:00 AM,A,21658(a),False,1,I-80 W/B,,,2/19/2021 6:48:14 AM,A,E,1.12,SF-ALAMEDA COUNTY LINE,M,,D,2/19/2021 6:48:54 AM,2/19/2021 6:48:54 AM,,True,2,,,,,,,
1411283,9370-2021-00489,1,False,9370,2/17/2021 10:00:00 AM,1000,177,14,109,Oakland,1,True,True,B,SIDE SWIPE,,Wednesday,NotApplicable,False,M,,False,True,False,Oakland Superior,C,OTHER MOTOR VEHICLE,,0,0,CLEAR,,NO UNUSUAL CONDITIONS,,A,DAYLIGHT,37.78893,-122.2524,,,,,A,NO PEDESTRIANS INVOLVED,2/17/2021 12:00:00 AM,A,21658(a),False,1,I-880 N/B,,,2/18/2021 8:05:31 PM,A,S,2200.0,5th St,F,,D,2/18/2021 8:06:18 PM,2/18/2021 8:06:18 PM,,True,2,,,,,,,
1411253,9370-2021-00449,1,False,9370,2/13/2021 4:05:00 AM,405,177,14,109,Oakland,1,True,True,E,HIT OBJECT,,Saturday,Yes,False,,,False,True,True,Oakland Superior,I,FIXED OBJECT,CONCRETE BARRIER,3,0,CLEAR,,NO UNUSUAL CONDITIONS,,C,DARK-STREET LIGHTS,37.792048,-122.262114,,,,,A,NO PEDESTRIANS INVOLVED,2/13/2021 12:00:00 AM,A,23152(g),True,1,I-880 NB,,,2/18/2021 5:42:43 PM,A,N,790.0,5th Ave,F,,D,2/18/2021 5:43:33 PM,2/18/2021 5:43:33 PM,,True,2,,,,,,,
1410808,9335-2021-00208,1,False,9335,2/15/2021 5:43:00 PM,1743,082,14,109,Oakland,1,True,True,B,SIDE SWIPE,,Monday,NotApplicable,False,F,,False,True,False,Northern Court,C,OTHER MOTOR VEHICLE,,1,0,CLOUDY,,NO UNUSUAL CONDITIONS,,A,DAYLIGHT,37.82058,-122.34093,,,,,A,NO PEDESTRIANS INVOLVED,2/15/2021 12:00:00 AM,A,21658(a),False,1,I-80 W/B,,,2/18/2021 9:50:40 AM,A,E,0.5,SF-ALAMEDA COUNTY LINE,M,,D,2/18/2021 9:51:15 AM,2/18/2021 9:51:15 AM,,True,2,,,,,,,
1410432,9370-2021-00486,1,False,9370,2/17/2021 3:25:00 PM,1525,176,14,109,Oakland,1,True,True,C,REAR END,,Wednesday,NotApplicable,False,,,False,True,True,Oakland Superior,C,OTHER MOTOR VEHICLE,,1,0,CLEAR,,NO UNUSUAL CONDITIONS,,A,DAYLIGHT,37.44111,-122.11232,,,,,A,NO PEDESTRIANS INVOLVED,2/17/2021 12:00:00 AM,A,22350,False,1,I-880 N/B FROM 98TH AVENUE,,,2/17/2021 9:25:57 PM,A,N,715.0,98th Ave,F,,A,2/17/2021 9:26:49 PM,2/17/2021 9:26:49 PM,,True,2,,,,,,,
1410420,9370-2021-00435,1,False,9370,2/11/2021 4:40:00 PM,1640,024,14,109,Oakland,1,True,True,F,OVERTURNED,,Thursday,NotApplicable,False,,,False,True,True,Oakland Superior,A,NON-COLLISION,,0,0,RAINING,,NO UNUSUAL CONDITIONS,,A,DAYLIGHT,37.85,-122.239,,,,,A,NO PEDESTRIANS INVOLVED,2/11/2021 12:00:00 AM,A,22350 VC,False,1,SR-24 W/B,,,2/17/2021 7:25:04 PM,B,E,1730.0,College Ave,F,,D,2/17/2021 7:25:37 PM,2/17/2021 7:25:37 PM,,True,2,,,,,,,
1410419,9370-2021-00413,1,False,9370,2/9/2021 6:35:00 PM,1835,177,14,109,Oakland,1,True,True,C,REAR END,,Tuesday,NotApplicable,False,M,,False,True,False,Oakland Superior,C,OTHER MOTOR VEHICLE,,0,0,CLOUDY,,NO UNUSUAL CONDITIONS,,D,DARK-NO STREET LIGHTS,37.789172,-122.5451,,,,,A,NO PEDESTRIANS INVOLVED,2/9/2021 12:00:00 AM,A,22350,False,1,I-880 S/B,,,2/17/2021 7:16:19 PM,A,N,3000.0,16th Ave,F,,D,2/17/2021 7:16:58 PM,2/17/2021 7:16:58 PM,,True,2,,,,,,,
1410410,9370-2021-00474,1,False,9370,2/15/2021 11:00:00 PM,2300,024,14,109,Oakland,1,True,True,B,SIDE SWIPE,,Monday,NotApplicable,False,M,,False,True,False,Oakland Superior,C,OTHER MOTOR VEHICLE,,0,0,CLEAR,,NO UNUSUAL CONDITIONS,,D,DARK-NO STREET LIGHTS,37.505935,-122.142366,,,,,A,NO PEDESTRIANS INVOLVED,2/15/2021 12:00:00 AM,A,21658(a),False,1,SR-24 E/B,,,2/17/2021 6:09:02 PM,A,E,200.0,Golden Gate Ave,F,,D,2/17/2021 6:09:36 PM,2/17/2021 6:09:36 PM,,True,2,,,,,,,
1409341,9370-2021-00419,1,False,9370,2/10/2021 10:25:00 AM,1025,178,14,109,Oakland,1,True,True,B,SIDE SWIPE,,Wednesday,NotApplicable,False,M,,False,True,False,Oakland Superior,C,OTHER MOTOR VEHICLE,,0,0,CLEAR,,NO UNUSUAL CONDITIONS,,A,DAYLIGHT,37.81371,-122.30151,,,,,A,NO PEDESTRIANS INVOLVED,2/10/2021 12:00:00 AM,A,21658(a),False,1,I-880 N/B,,,2/16/2021 2:49:07 PM,A,N,2250.0,7th St,F,,D,2/16/2021 2:49:41 PM,2/16/2021 2:49:41 PM,,True,2,,,,,,,
1409097,9370-2021-00443,1,False,9370,2/12/2021 9:45:00 AM,945,052,14,109,Oakland,1,True,True,C,REAR END,,Friday,NotApplicable,False,M,,False,True,False,Oakland Superior,C,OTHER MOTOR VEHICLE,,0,0,CLEAR,,NO UNUSUAL CONDITIONS,,A,DAYLIGHT,37.784132,-122.183336,,,,,A,NO PEDESTRIANS INVOLVED,2/12/2021 12:00:00 AM,A,22350,False,1,I-580 W/B,,,2/16/2021 11:40:30 AM,A,E,1250.0,Buell St,F,,D,2/16/2021 11:42:01 AM,2/16/2021 11:42:01 AM,,True,2,,,,,,,
1409029,9370-2021-00459,1,False,9370,2/15/2021 8:02:00 AM,802,177,14,109,Oakland,1,True,True,E,HIT OBJECT,,Monday,NotApplicable,False,,,False,True,True,Oakland Superior,I,FIXED OBJECT,Concrete Barrier,0,0,CLOUDY,RAINING,NO UNUSUAL CONDITIONS,,A,DAYLIGHT,37.80252,-122.28469,,,,,A,NO PEDESTRIANS INVOLVED,2/15/2021 12:00:00 AM,A,22107,False,1,I-880 N/B,,,2/16/2021 10:53:37 AM,B,N,400.0,Market St,F,,D,2/16/2021 10:54:10 AM,2/16/2021 10:54:10 AM,,True,2,,,,,,,
1408858,9370-2021-00445,1,False,9370,2/12/2021 3:15:00 PM,1515,179,14,109,Oakland,1,True,True,C,REAR END,,Friday,NotApplicable,True,M,,False,True,False,Oakland Superior,C,OTHER MOTOR VEHICLE,,0,0,CLEAR,,NO UNUSUAL CONDITIONS,,A,DAYLIGHT,37.485608,-122.175488,,,,,A,NO PEDESTRIANS INVOLVED,2/12/2021 12:00:00 AM,A,22350,False,2,I-880 N/B TO I-80 E/B,,,2/16/2021 9:23:15 AM,A,S,1807.0,West Grand Avenue,F,,D,2/16/2021 9:24:57 AM,2/16/2021 9:24:57 AM,,True,2,,,,,,,
1408752,9370-2021-00418,1,False,9370,2/10/2021 7:50:00 AM,750,176,14,109,Oakland,1,True,True,C,REAR END,,Wednesday,NotApplicable,False,,,False,True,True,Oakland Superior,C,OTHER MOTOR VEHICLE,,1,0,CLEAR,,NO UNUSUAL CONDITIONS,,A,DAYLIGHT,37.733709,-122.190231,,,,,A,NO PEDESTRIANS INVOLVED,2/10/2021 12:00:00 AM,A,22350 VC,False,2,I-880 N/B,,,2/16/2021 8:30:42 AM,A,N,30.0,Jones Ave. over-cross,F,,A,2/16/2021 8:31:16 AM,2/16/2021 8:31:16 AM,,True,2,,,,,,,
1408713,9370-2021-00462,1,False,9370,2/15/2021 10:10:00 AM,1010,008,14,109,Oakland,1,True,True,C,REAR END,,Monday,NotApplicable,False,,,False,True,True,Oakland Superior,C,OTHER MOTOR VEHICLE,,0,0,CLOUDY,,NO UNUSUAL CONDITIONS,,A,DAYLIGHT,37.8252,-122.30744,,,,,A,NO PEDESTRIANS INVOLVED,2/15/2021 12:00:00 AM,A,22350,False,1,I-80 W/B,,,2/16/2021 8:07:10 AM,B,E,800.0,WEST GRAND AVE,F,,D,2/16/2021 8:07:48 AM,2/16/2021 8:07:48 AM,,True,2,,,,,,,
1408675,9370-2021-00434,1,False,9370,2/11/2021 4:30:00 PM,1630,024,14,109,Oakland,1,True,True,B,SIDE SWIPE,,Thursday,NotApplicable,False,,,False,True,False,Oakland Superior,C,OTHER MOTOR VEHICLE,,0,0,RAINING,,NO UNUSUAL CONDITIONS,,A,DAYLIGHT,37.850028,-122.238313,,,,,A,NO PEDESTRIANS INVOLVED,2/11/2021 12:00:00 AM,A,22350,False,1,SR-24 W/B,,,2/16/2021 7:50:22 AM,B,E,450.0,Golden Gate Ave,F,,D,2/16/2021 7:51:06 AM,2/16/2021 7:51:06 AM,,True,2,,,,,,,
1408660,9370-2021-00448,1,False,9370,2/13/2021 12:50:00 AM,50,055,14,109,Oakland,1,True,True,E,HIT OBJECT,,Saturday,NotApplicable,False,,,False,True,False,Oakland Superior,I,FIXED OBJECT,RAISED CONCRETE CURB,0,0,CLEAR,,NO UNUSUAL CONDITIONS,,C,DARK-STREET LIGHTS,37.823438,-122.263563,,,,,A,NO PEDESTRIANS INVOLVED,2/13/2021 12:00:00 AM,A,22107,False,1,I-580 W/B,,,2/16/2021 7:41:38 AM,A,W,435.0,Webster St,F,,D,2/16/2021 7:42:16 AM,2/16/2021 7:42:16 AM,,True,2,,,,,,,
1408646,9370-2021-00440,1,False,9370,2/11/2021 3:20:00 PM,1520,176,14,109,Oakland,1,True,True,B,SIDE SWIPE,,Thursday,NotApplicable,False,,,False,True,False,Oakland Superior,C,OTHER MOTOR VEHICLE,,0,0,CLOUDY,RAINING,NO UNUSUAL CONDITIONS,,A,DAYLIGHT,37.772915,-122.227252,,,,,A,NO PEDESTRIANS INVOLVED,2/11/2021 12:00:00 AM,A,21658(a),False,,I-880 S/B,,,2/16/2021 7:27:25 AM,B,S,200.0,Fruitvale Ave,F,,D,2/16/2021 7:28:01 AM,2/16/2021 7:28:01 AM,,True,2,,,,,,,
1408637,9370-2021-00439,1,False,9370,2/11/2021 5:07:00 PM,1707,098,14,109,Oakland,1,True,True,C,REAR END,,Thursday,NotApplicable,False,,,False,True,False,Oakland Superior,C,OTHER MOTOR VEHICLE,,0,0,CLEAR,CLOUDY,NO UNUSUAL CONDITIONS,,C,DARK-STREET LIGHTS,37.481296,-122.164875,,,,,A,NO PEDESTRIANS INVOLVED,2/11/2021 12:00:00 AM,A,22350,False,2,I-980 W/B,,,2/16/2021 7:14:13 AM,B,W,614.0,11th St,F,,D,2/16/2021 7:14:49 AM,2/16/2021 7:14:49 AM,,True,2,,,,,,,
1408451,9370-2021-00422,1,False,9370,2/10/2021 12:00:00 PM,1200,052,14,109,Oakland,1,True,True,C,REAR END,,Wednesday,NotApplicable,False,M,,False,True,False,Oakland Superior,C,OTHER MOTOR VEHICLE,,0,0,CLEAR,,NO UNUSUAL CONDITIONS,,A,DAYLIGHT,37.783685,-122.27869,,,,,A,NO PEDESTRIANS INVOLVED,2/10/2021 12:00:00 AM,A,22350,False,1,I-580 E/B,,,2/15/2021 7:25:54 PM,A,W,1720.0,Sunnymere Ave,F,,D,2/15/2021 7:26:25 PM,2/15/2021 7:26:25 PM,,True,2,,,,,,,
1408450,9370-2021-00416,1,False,9370,2/9/2021 8:15:00 PM,2015,177,14,109,Oakland,1,True,True,E,HIT OBJECT,,Tuesday,NotApplicable,False,,,False,True,True,Oakland Superior,I,FIXED OBJECT,CONCRETE WALL,0,0,RAINING,,NO UNUSUAL CONDITIONS,,D,DARK-NO STREET LIGHTS,37.791814,-122.261186,,,,,A,NO PEDESTRIANS INVOLVED,2/9/2021 12:00:00 AM,A,22107,False,1,I-880 N/B,,,2/15/2021 7:03:50 PM,B,N,600.0,5th Ave,F,,D,2/15/2021 7:04:24 PM,2/15/2021 7:04:24 PM,,True,2,,,,,,,
1408444,9370-2021-00361,1,False,9370,2/4/2021 7:45:00 AM,745,052,14,109,Oakland,1,True,True,B,SIDE SWIPE,,Thursday,NotApplicable,False,,,False,True,False,Oakland Superior,C,OTHER MOTOR VEHICLE,,0,0,CLEAR,,NO UNUSUAL CONDITIONS,,A,DAYLIGHT,37.7616,-122.14879,,,,,A,NO PEDESTRIANS INVOLVED,2/4/2021 12:00:00 AM,A,21658(a),False,1,I-580 W/B,,,2/15/2021 5:58:35 PM,A,W,3000.0,Golf Links Rd,F,,D,2/15/2021 5:59:10 PM,2/15/2021 5:59:10 PM,,True,2,,,,,,,
1408429,9370-2021-00390,1,False,9370,2/6/2021 7:30:00 AM,730,177,14,109,Oakland,1,True,True,B,SIDE SWIPE,,Saturday,NotApplicable,False,,,False,True,False,Oakland Superior,C,OTHER MOTOR VEHICLE,,0,0,CLEAR,,NO UNUSUAL CONDITIONS,,A,DAYLIGHT,37.788007,-122.249794,,,,,A,NO PEDESTRIANS INVOLVED,2/7/2021 12:00:00 AM,A,21658(a),False,1,I-880 S/B,,,2/15/2021 4:09:51 PM,A,N,1700.0,16th Ave,F,,D,2/15/2021 4:10:23 PM,2/15/2021 4:10:23 PM,,True,2,,,,,,,
1408425,9370-2021-00384,1,False,9370,2/5/2021 2:40:00 PM,1440,176,14,109,Oakland,1,True,True,B,SIDE SWIPE,,Friday,Yes,False,,,False,True,True,Oakland Superior,C,OTHER MOTOR VEHICLE,,2,0,CLEAR,,NO UNUSUAL CONDITIONS,,A,DAYLIGHT,37.772231,-122.225334,,,,,A,NO PEDESTRIANS INVOLVED,2/5/2021 12:00:00 AM,A,21658(a),False,1,I-880 S/B,,,2/15/2021 3:59:09 PM,A,N,1545.0,42nd Ave,F,,D,2/15/2021 3:59:56 PM,2/15/2021 3:59:56 PM,,True,2,,,,,,,
1408422,9370-2021-00383,1,False,9370,2/5/2021 1:45:00 PM,1345,176,14,109,Oakland,1,True,True,C,REAR END,,Friday,NotApplicable,False,M,,False,True,False,Oakland Superior,C,OTHER MOTOR VEHICLE,,0,0,CLEAR,,NO UNUSUAL CONDITIONS,,A,DAYLIGHT,37.731245,-122.188303,,,,,A,NO PEDESTRIANS INVOLVED,2/5/2021 12:00:00 AM,A,22350,False,1,I-880 S/B,,,2/15/2021 3:54:22 PM,A,S,130.0,98th Ave,F,,D,2/15/2021 3:55:07 PM,2/15/2021 3:55:07 PM,,True,2,,,,,,,
1408237,9370-2021-00378,1,False,9370,2/5/2021 4:00:00 PM,1600,055,14,109,Oakland,1,True,True,B,SIDE SWIPE,,Friday,NotApplicable,False,M,,False,True,False,Oakland Superior,C,OTHER MOTOR VEHICLE,,0,0,CLEAR,,NO UNUSUAL CONDITIONS,,A,DAYLIGHT,37.826472,-122.287322,,,,,A,NO PEDESTRIANS INVOLVED,2/5/2021 12:00:00 AM,A,21658(a),False,1,I-580 E/B,,,2/15/2021 5:47:04 AM,A,E,700.0,Mandela Pky,F,,D,2/15/2021 5:47:36 AM,2/15/2021 5:47:36 AM,,True,2,,,,,,,
1408166,9335-2021-00162,1,False,9335,2/5/2021 9:56:00 PM,2156,082,14,109,Oakland,1,True,True,C,REAR END,,Friday,Yes,True,,,False,True,True,Oakland Superior,C,OTHER MOTOR VEHICLE,,0,0,CLEAR,,NO UNUSUAL CONDITIONS,,C,DARK-STREET LIGHTS,37.8195,-122.34795,,,,,A,NO PEDESTRIANS INVOLVED,2/5/2021 12:00:00 AM,A,22350,False,2,I-80 W/B,,,2/14/2021 9:26:52 AM,A,E,3432.0,SFOBB East Tower,F,,D,2/14/2021 9:28:12 AM,2/14/2021 9:28:12 AM,,True,2,,,,,,,
1428870,9370-2021-00754,1,False,9370,3/16/2021 10:47:00 AM,1047,054,14,109,Oakland,1,True,True,C,REAR END,,Tuesday,NotApplicable,False,,,False,True,False,Oakland Superior,C,OTHER MOTOR VEHICLE,,0,0,CLEAR,,NO UNUSUAL CONDITIONS,,A,DAYLIGHT,37.82106,-122.25679,,,,,A,NO PEDESTRIANS INVOLVED,3/16/2021 12:00:00 AM,A,22350,False,2,I-580 W/B,,,3/17/2021 6:08:00 AM,A,W,1056.0,Harrison St,F,,D,3/17/2021 6:08:34 AM,3/17/2021 6:08:34 AM,,True,2,,,,,,,
1428866,9370-2021-00755,1,False,9370,3/16/2021 11:56:00 AM,1156,054,14,109,Oakland,1,True,True,C,REAR END,,Tuesday,NotApplicable,False,,,False,True,False,Oakland Superior,C,OTHER MOTOR VEHICLE,,0,0,CLEAR,,NO UNUSUAL CONDITIONS,,A,DAYLIGHT,37.80849,-122.24271,,,,,A,NO PEDESTRIANS INVOLVED,3/16/2021 12:00:00 AM,A,21658(a),False,2,I-580 E/B,,,3/17/2021 6:03:53 AM,A,E,259.0,LAKE PARK AVE O/C,F,,D,3/17/2021 6:04:29 AM,3/17/2021 6:04:29 AM,,True,2,,,,,,,
1428860,9370-2021-00624,1,False,9370,3/5/2021 5:40:00 PM,1740,055,14,109,Oakland,1,True,True,C,REAR END,,Friday,NotApplicable,False,,,False,True,False,Oakland Superior,C,OTHER MOTOR VEHICLE,,0,0,CLEAR,,NO UNUSUAL CONDITIONS,,A,DAYLIGHT,37.493283,-122.162888,,,,,A,NO PEDESTRIANS INVOLVED,3/5/2021 12:00:00 AM,A,22350,False,1,I-580 E/B,,,3/17/2021 5:51:51 AM,A,E,100.0,MARKET STREET,F,,D,3/17/2021 5:52:26 AM,3/17/2021 5:52:26 AM,,True,2,,,,,,,
1428709,9370-2021-00651,1,False,9370,3/7/2021 12:15:00 AM,15,008,14,109,Oakland,1,True,True,E,HIT OBJECT,,Sunday,NotApplicable,False,,,False,True,True,Oakland Superior,I,FIXED OBJECT,Yellow Attenuator,0,0,CLEAR,,NO UNUSUAL CONDITIONS,,C,DARK-STREET LIGHTS,37.824796,-122.313705,,,,,A,NO PEDESTRIANS INVOLVED,3/7/2021 12:00:00 AM,A,22107,False,1,I-80 W/B,,,3/16/2021 9:08:23 PM,A,E,10.0,SFOBB TOLL PLAZA,F,,D,3/16/2021 9:09:03 PM,3/16/2021 9:09:03 PM,,True,2,,,,,,,
1428706,9370-2021-00715,1,False,9370,2/27/2021 9:46:00 PM,2146,054,14,109,Oakland,1,True,True,B,SIDE SWIPE,,Saturday,NotApplicable,True,M,,False,True,False,Oakland Superior,C,OTHER MOTOR VEHICLE,,0,0,CLEAR,,NO UNUSUAL CONDITIONS,,Counter Report / Late-ReportedE,DARK-STREET LIGHTS NOT FUNCTIONING*,37.818791,-122.254322,,,,,A,NO PEDESTRIANS INVOLVED,2/27/2021 12:00:00 AM,A,22350,False,1,I-580 E/B to Oakland Avenue,,,3/16/2021 8:54:45 PM,A,W,42.0,Oakland Ave,F,,A,3/16/2021 8:56:09 PM,3/16/2021 8:56:09 PM,,True,2,,,,,,,
1428698,9370-2021-00685,1,False,9370,3/10/2021 3:02:00 PM,1502,176,14,109,Oakland,1,True,True,C,REAR END,,Wednesday,NotApplicable,False,,,False,True,True,Oakland Superior,C,OTHER MOTOR VEHICLE,,0,0,CLOUDY,,NO UNUSUAL CONDITIONS,,A,DAYLIGHT,37.73407,-122.19016,,,,,A,NO PEDESTRIANS INVOLVED,3/10/2021 12:00:00 AM,A,22350,False,1,I-880 N/B FROM 98TH AVENUE,,,3/16/2021 7:42:12 PM,A,N,730.0,98TH AVENUE,F,,D,3/16/2021 7:42:47 PM,3/16/2021 7:42:47 PM,,True,2,,,,,,,
1428691,9370-2021-00676,1,False,9370,3/10/2021 5:48:00 AM,548,024,14,109,Oakland,1,True,True,E,HIT OBJECT,,Wednesday,NotApplicable,False,,,False,True,True,Oakland Superior,I,FIXED OBJECT,dirt embankment,1,0,CLOUDY,,NO UNUSUAL CONDITIONS,,D,DARK-NO STREET LIGHTS,37.849717,-122.23735,,,,,A,NO PEDESTRIANS INVOLVED,3/10/2021 12:00:00 AM,A,22107,False,1,SR-24 W/B,,,3/16/2021 6:24:10 PM,B,,,Broadway,,,D,3/16/2021 6:25:05 PM,3/16/2021 6:25:05 PM,,True,2,,,,,,,
1427747,9370-2021-00675,1,False,9370,3/10/2021 6:47:00 AM,647,055,14,109,Oakland,1,True,True,E,HIT OBJECT,,Wednesday,NotApplicable,False,,,False,True,True,Oakland Superior,I,FIXED OBJECT,CONCRETE WALL,2,0,CLEAR,,NO UNUSUAL CONDITIONS,,C,DARK-STREET LIGHTS,37.828673,-122.292982,,,,,A,NO PEDESTRIANS INVOLVED,3/10/2021 12:00:00 AM,A,22107,False,1,I-580 W/B TO I-80 E/B,,,3/15/2021 6:16:26 PM,B,W,0.2,Mandela Pky,M,,D,3/15/2021 6:16:59 PM,3/15/2021 6:16:59 PM,,True,2,,,,,,,
1427746,9370-2021-00682,2,False,9370,3/10/2021 7:18:00 AM,718,008,14,109,Oakland,1,True,True,C,REAR END,,Wednesday,NotApplicable,True,,,False,True,False,Oakland Superior,C,OTHER MOTOR VEHICLE,,0,0,CLOUDY,,NO UNUSUAL CONDITIONS,,A,DAYLIGHT,37.82475,-122.3121,,,,,A,NO PEDESTRIANS INVOLVED,3/10/2021 12:00:00 AM,A,21658(a),False,1,I-80 W/B,,,10/15/2021 9:11:11 AM,B,E,550.0,SFOBB TOLL PLAZA,F,,D,3/15/2021 5:58:27 PM,10/15/2021 9:11:46 AM,,True,2,,,,,,,
1427678,9370-2021-00638,1,False,9370,3/6/2021 3:50:00 PM,1550,176,14,109,Oakland,1,True,True,B,SIDE SWIPE,,Saturday,NotApplicable,False,,,False,True,False,Oakland Superior,C,OTHER MOTOR VEHICLE,,0,0,CLEAR,,NO UNUSUAL CONDITIONS,,A,DAYLIGHT,37.739931,-122.195859,,,,,A,NO PEDESTRIANS INVOLVED,3/6/2021 12:00:00 AM,A,22107,False,1,I-880 S/B,,,3/15/2021 3:55:05 PM,A,S,168.0,Hegenberger Rd,F,,D,3/15/2021 3:55:47 PM,3/15/2021 3:55:47 PM,,True,2,,,,,,,
1426804,9370-2021-00702,1,False,9370,3/7/2021 10:00:00 PM,2200,176,14,109,Oakland,1,True,True,F,OVERTURNED,,Sunday,Yes,False,,,False,True,True,Oakland Superior,A,NON-COLLISION,,1,0,CLEAR,,NO UNUSUAL CONDITIONS,,C,DARK-STREET LIGHTS,37.756532,-122.209924,,,,,A,NO PEDESTRIANS INVOLVED,3/7/2021 12:00:00 AM,A,22107,False,1,I-880 N/B FROM 66TH AVENUE,,,3/15/2021 5:56:53 AM,A,N,1065.0,66th Ave,F,,D,3/15/2021 5:57:51 AM,3/15/2021 5:57:51 AM,,True,2,,,,,,,
1426795,9370-2021-00739,1,False,9370,3/10/2021 7:00:00 AM,700,080,14,109,Oakland,1,True,True,E,HIT OBJECT,,Wednesday,NotApplicable,False,,,False,True,True,Oakland Superior,I,FIXED OBJECT,CONCRETE WALL,0,0,RAINING,,NO UNUSUAL CONDITIONS,,A,DAYLIGHT,37.81823,-122.29437,,,,,A,NO PEDESTRIANS INVOLVED,3/10/2021 12:00:00 AM,A,22350,False,1,I-80 E/B,,,3/15/2021 5:37:19 AM,B,E,50.0,I-580 W/B TO I-80 W/B,F,,D,3/15/2021 5:37:54 AM,3/15/2021 5:37:54 AM,,True,2,,,,,,,
1426786,9370-2021-00729,1,False,9370,3/14/2021 5:51:00 PM,1751,177,14,109,Oakland,1,True,True,E,HIT OBJECT,,Sunday,NotApplicable,False,,,False,True,True,Oakland Superior,I,FIXED OBJECT,Concrete Wall,0,0,CLOUDY,RAINING,NO UNUSUAL CONDITIONS,,B,DUSK-DAWN,37.472885,-122.154023,,,,,A,NO PEDESTRIANS INVOLVED,3/14/2021 12:00:00 AM,A,22107,False,1,I-880 N/B,,,3/15/2021 4:50:54 AM,B,N,1221.0,5th Ave,F,,D,3/15/2021 4:51:48 AM,3/15/2021 4:51:48 AM,,True,2,,,,,,,
1426723,9370-2021-00717,1,False,9370,3/12/2021 7:36:00 AM,736,053,14,109,Oakland,1,True,True,C,REAR END,,Friday,NotApplicable,False,,,False,True,True,Oakland Superior,C,OTHER MOTOR VEHICLE,,0,0,CLEAR,,NO UNUSUAL CONDITIONS,,A,DAYLIGHT,37.47327,-122.12135,,,,,A,NO PEDESTRIANS INVOLVED,3/12/2021 12:00:00 AM,A,22350,False,1,I-580 E/B,,,3/14/2021 5:52:12 PM,A,W,100.0,35th Ave,F,,D,3/14/2021 5:52:48 PM,3/14/2021 5:52:48 PM,,True,2,,,,,,,