collision-id,report-number,report-version,is-preliminary,ncic-code,crash-date-time,crash-time-description,beat,city-id,city-code,city-name,county-code,city-is-active,city-is-incorporated,collision-type-code,collision-type-description,collision-type-other-desc,day-of-week,dispatch-notified,has-photographs,hit-run,is-attachments-mailed,is-deleted,is-highway-related,is-tow-away,judicial-district,motor-vehicle-involved-with-code,motor-vehicle-involved-with-desc,motor-vehicle-involved-with-other-desc,number-injured,number-killed,weather-1,weather-2,road-condition-1,road-condition-2,special-condition-lighting-code,lighting-description,latitude,longitude,milepost-direction,milepost-distance,milepost-marker,milepost-unit-of-measure,pedestrian-action-code,pedestrian-action-desc,prepared-date,primary-collision-factor-code,primary-collision-factor-violation,primary-collision-factor-is-cited,primary-collision-party-number,primary-road,reporting-district,reporting-district-code,reviewed-date,roadway-surface-code,secondary-direction,secondary-distance,secondary-road,secondary-unit-of-measure,sketch-desc,traffic-control-device-code,created-date,modified-date,is-county-road,is-freeway,chp-555-version,is-additonal-object-struck,notification-date,notification-time-description,has-digital-media-files,evidence-number,is-location-refer-to-narrative,is-aoi-one-same-as-location
1423344,9335-2021-00327,1,False,9335,2/1/2021 8:00:00 AM,800,082,14,109,Oakland,1,True,True,B,SIDE SWIPE,,Monday,NotApplicable,False,M,,False,True,False,Oakland Superior,C,OTHER MOTOR VEHICLE,,0,0,CLEAR,,NO UNUSUAL CONDITIONS,,A,DAYLIGHT,37.822393,-122.324399,,,,,A,NO PEDESTRIANS INVOLVED,2/1/2021 12:00:00 AM,A,21658(a),False,2,I-80 WESTBOUND,,,3/9/2021 10:29:33 AM,A,W,0.6,SFOBB TOLL PLAZA,M,,D,3/9/2021 10:30:25 AM,3/9/2021 10:30:25 AM,,True,2,,,,,,,
1423306,9370-2021-00639,1,False,9370,3/6/2021 5:35:00 PM,1735,176,14,109,Oakland,1,True,True,C,REAR END,,Saturday,Yes,False,,,False,True,False,Oakland Superior,C,OTHER MOTOR VEHICLE,,0,0,CLEAR,,NO UNUSUAL CONDITIONS,,On-Duty Emergency VehicleA,DAYLIGHT,37.728727,-122.186212,,,,,A,NO PEDESTRIANS INVOLVED,3/6/2021 12:00:00 AM,A,22350,False,1,I-880 S/B,,,3/9/2021 10:10:23 AM,A,S,1235.0,98th Ave,F,,D,3/9/2021 10:11:09 AM,3/9/2021 10:11:09 AM,,True,2,,,,,,,
1423212,9370-2021-00636,1,False,9370,3/5/2021 5:12:00 PM,1712,055,14,109,Oakland,1,True,True,B,SIDE SWIPE,,Friday,NotApplicable,False,M,,False,True,True,Oakland Superior,C,OTHER MOTOR VEHICLE,,0,0,CLEAR,,NO UNUSUAL CONDITIONS,,A,DAYLIGHT,37.493622,-122.164435,,,,,A,NO PEDESTRIANS INVOLVED,3/5/2021 12:00:00 AM,A,21658(a),False,1,I-580 E/B,,,3/9/2021 9:11:47 AM,A,W,100.0,San Pablo Ave,F,,D,3/9/2021 9:12:21 AM,3/9/2021 9:12:21 AM,,True,2,,,,,,,
1423049,9370-2021-00579,1,False,9370,2/27/2021 8:00:00 PM,2000,008,14,109,Oakland,1,True,True,C,REAR END,,Saturday,NotApplicable,False,M,,False,True,False,Oakland Superior,C,OTHER MOTOR VEHICLE,,0,0,CLEAR,,NO UNUSUAL CONDITIONS,,D,DARK-NO STREET LIGHTS,37.827782,-122.292747,,,,,A,NO PEDESTRIANS INVOLVED,2/27/2021 12:00:00 AM,A,22350,False,1,I-80 W/B TO I-580 E/B,,,3/9/2021 6:13:45 AM,A,W,905.0,Mandela Pky,F,,D,3/9/2021 6:14:20 AM,3/9/2021 6:14:20 AM,,True,2,,,,,,,
1423041,9370-2021-00647,1,False,9370,3/7/2021 2:30:00 PM,1430,055,14,109,Oakland,1,True,True,C,REAR END,,Sunday,NotApplicable,False,,,False,True,False,Oakland Superior,C,OTHER MOTOR VEHICLE,,0,0,CLEAR,,NO UNUSUAL CONDITIONS,,A,DAYLIGHT,37.825456,-122.274751,,,,,A,NO PEDESTRIANS INVOLVED,3/7/2021 12:00:00 AM,A,22350,False,1,I-580 E/B FROM MARKET STREET,,,3/9/2021 6:02:22 AM,A,E,120.0,Market St,F,,D,3/9/2021 6:03:14 AM,3/9/2021 6:03:14 AM,,True,2,,,,,,,
1423027,9370-2021-00655,1,False,9370,2/23/2021 6:00:00 PM,1800,177,14,109,Oakland,1,True,True,C,REAR END,,Tuesday,NotApplicable,False,M,,False,True,False,Oakland Superior,C,OTHER MOTOR VEHICLE,,0,0,CLEAR,,NO UNUSUAL CONDITIONS,,D,DARK-NO STREET LIGHTS,37.798831,-122.274202,,,,,A,NO PEDESTRIANS INVOLVED,2/23/2021 12:00:00 AM,A,22350,False,2,I-880 N/B,,,3/9/2021 5:28:21 AM,A,S,200.0,Broadway,F,,D,3/9/2021 5:29:53 AM,3/9/2021 5:29:53 AM,,True,2,,,,,,,
1423024,9370-2021-00600,1,False,9370,3/3/2021 8:45:00 AM,845,008,14,109,Oakland,1,True,True,B,SIDE SWIPE,,Wednesday,NotApplicable,True,M,,False,True,False,Oakland Superior,C,OTHER MOTOR VEHICLE,,0,0,CLEAR,,NO UNUSUAL CONDITIONS,,A,DAYLIGHT,37.82681,-122.29894,,,,,A,NO PEDESTRIANS INVOLVED,3/3/2021 12:00:00 AM,A,21658(a),False,1,I-80 W/B,,,3/9/2021 5:21:22 AM,A,E,2100.0,I-880 N/B TO I-80 W/B,F,,D,3/9/2021 5:21:57 AM,3/9/2021 5:21:57 AM,,True,2,,,,,,,
1423022,9370-2021-00595,1,False,9370,3/2/2021 2:45:00 PM,1445,177,14,109,Oakland,1,True,True,B,SIDE SWIPE,,Tuesday,NotApplicable,False,,,False,True,True,Oakland Superior,C,OTHER MOTOR VEHICLE,,0,0,CLEAR,,CONSTRUCTION-REPAIR ZONE,REDUCED ROADWAY WIDTH,A,DAYLIGHT,37.78991,-122.257,,,,,A,NO PEDESTRIANS INVOLVED,3/2/2021 12:00:00 AM,B,UNSAFE MERGE,,1,I-880 N/B,,,3/9/2021 5:14:01 AM,A,S,300.0,5th Ave,F,,D,3/9/2021 5:14:52 AM,3/9/2021 5:14:52 AM,,True,2,,,,,,,
1422910,9370-2021-00577,1,False,9370,2/27/2021 2:50:00 PM,1450,176,14,109,Oakland,1,True,True,B,SIDE SWIPE,,Saturday,NotApplicable,False,M,,False,True,False,Oakland Superior,C,OTHER MOTOR VEHICLE,,0,0,CLEAR,,NO UNUSUAL CONDITIONS,,A,DAYLIGHT,37.765373,-122.218532,,,,,A,NO PEDESTRIANS INVOLVED,2/27/2021 12:00:00 AM,B,UNSAFE MERGE,,,I-880 S/B FROM OAKPORT ST,,,3/8/2021 6:45:08 PM,A,S,1000.0,High St,F,,D,3/8/2021 6:46:04 PM,3/8/2021 6:46:04 PM,,True,2,,,,,,,
1422669,9335-2021-00275,1,False,9335,2/26/2021 4:00:00 PM,1600,082,14,109,Oakland,1,True,True,B,SIDE SWIPE,,Friday,Yes,False,,,False,True,True,Oakland Superior,C,OTHER MOTOR VEHICLE,,1,0,CLEAR,,NO UNUSUAL CONDITIONS,,A,DAYLIGHT,37.823977,-122.31734,,,,,A,NO PEDESTRIANS INVOLVED,2/26/2021 12:00:00 AM,A,21658(a),False,2,I-80 W/B,,,3/8/2021 1:19:08 PM,A,W,2.0,SFOBB Metering Lights,F,,D,3/8/2021 1:20:20 PM,3/8/2021 1:20:20 PM,,True,2,,,,,,,
1421948,9370-2021-00625,1,False,9370,3/5/2021 9:00:00 PM,2100,055,14,109,Oakland,1,True,True,E,HIT OBJECT,,Friday,NotApplicable,False,,,False,True,False,Oakland Superior,I,FIXED OBJECT,CONCRETE WALL,0,0,CLOUDY,,NO UNUSUAL CONDITIONS,,C,DARK-STREET LIGHTS,37.808326,-122.241318,,,,,A,NO PEDESTRIANS INVOLVED,3/5/2021 12:00:00 AM,A,22107,False,1,I-580 W/B,,,3/7/2021 6:10:34 PM,A,E,1500.0,Lakeshore Ave,F,,D,3/7/2021 6:11:08 PM,3/7/2021 6:11:08 PM,,True,2,,,,,,,
1421947,9370-2021-00623,1,False,9370,3/5/2021 4:40:00 PM,1640,054,14,109,Oakland,1,True,True,C,REAR END,,Friday,NotApplicable,False,,,False,True,True,Oakland Superior,C,OTHER MOTOR VEHICLE,,0,0,CLEAR,,NO UNUSUAL CONDITIONS,,A,DAYLIGHT,37.491928,-122.153518,,,,,A,NO PEDESTRIANS INVOLVED,3/5/2021 12:00:00 AM,A,22350,False,1,I-580 E/B,,,3/7/2021 6:04:27 PM,A,E,50.0,Broadway,F,,D,3/7/2021 6:05:21 PM,3/7/2021 6:05:21 PM,,True,2,,,,,,,
1421946,9370-2021-00550,1,False,9370,2/24/2021 4:30:00 PM,1630,055,14,109,Oakland,1,True,True,B,SIDE SWIPE,,Wednesday,Yes,False,,,False,True,True,Oakland Superior,C,OTHER MOTOR VEHICLE,,1,0,CLEAR,,NO UNUSUAL CONDITIONS,,A,DAYLIGHT,37.493799,-122.164819,,,,,A,NO PEDESTRIANS INVOLVED,2/24/2021 12:00:00 AM,A,21658(a),False,1,I-580 W/B,,,3/7/2021 5:39:00 PM,A,W,50.0,ADELINE STREET,F,,D,3/7/2021 5:39:42 PM,3/7/2021 5:39:42 PM,,True,2,,,,,,,
1421944,9370-2021-00601,1,False,9370,3/3/2021 10:40:00 AM,1040,176,14,109,Oakland,1,True,True,C,REAR END,,Wednesday,NotApplicable,False,,,False,True,False,Oakland Superior,C,OTHER MOTOR VEHICLE,,0,0,CLOUDY,,NO UNUSUAL CONDITIONS,,A,DAYLIGHT,37.46305,-122.140258,,,,,A,NO PEDESTRIANS INVOLVED,3/3/2021 12:00:00 AM,A,22350,False,1,I-880 S/B,,,3/7/2021 5:23:48 PM,A,N,150.0,29th Ave,F,,D,3/7/2021 5:24:24 PM,3/7/2021 5:24:24 PM,,True,2,,,,,,,
1421943,9370-2021-00588,1,False,9370,3/1/2021 4:30:00 PM,1630,176,14,109,Oakland,1,True,True,D,BROADSIDE,,Monday,Yes,False,,,False,True,True,Oakland Superior,C,OTHER MOTOR VEHICLE,,1,0,CLEAR,,NO UNUSUAL CONDITIONS,,A,DAYLIGHT,37.742536,-122.19797,,,,,A,NO PEDESTRIANS INVOLVED,3/1/2021 12:00:00 AM,A,22107,False,1,I-880 N/B,,,3/7/2021 4:52:35 PM,A,N,672.0,Hegenberger Rd,F,,D,3/7/2021 4:53:24 PM,3/7/2021 4:53:24 PM,,True,2,,,,,,,
1421929,9335-2021-00301,1,False,9335,3/4/2021 6:36:00 AM,636,082,14,109,Oakland,1,True,True,C,REAR END,,Thursday,NotApplicable,True,,,False,True,True,Oakland Superior,C,OTHER MOTOR VEHICLE,,1,0,CLOUDY,,NO UNUSUAL CONDITIONS,,B,DUSK-DAWN,37.820448,-122.34112,,,,,A,NO PEDESTRIANS INVOLVED,3/4/2021 12:00:00 AM,A,21658(a),False,1,I-80 W/B,,,3/7/2021 2:39:34 PM,A,E,2110.0,ALAMEDA/SAN FRANCISCO COUNTY LINE,F,,D,3/7/2021 2:41:04 PM,3/7/2021 2:41:04 PM,,True,2,,,,,,,
1421923,9370-2021-00546,1,False,9370,2/24/2021 4:05:00 PM,1605,053,14,109,Oakland,1,True,True,C,REAR END,,Wednesday,NotApplicable,False,M,,False,True,True,Oakland Superior,C,OTHER MOTOR VEHICLE,,0,0,CLEAR,,NO UNUSUAL CONDITIONS,,A,DAYLIGHT,37.475795,-122.131959,,,,,A,NO PEDESTRIANS INVOLVED,2/24/2021 12:00:00 AM,A,22350,False,2,I-580 E/B,,,3/7/2021 1:19:07 PM,A,W,1500.0,FRUITVALE AVENUE,F,,D,3/7/2021 1:19:54 PM,3/7/2021 1:19:54 PM,,True,2,,,,,,,
1421582,9335-2021-00276,1,False,9335,2/26/2021 5:33:00 PM,1733,084,14,109,Oakland,1,True,True,C,REAR END,,Friday,NotApplicable,False,M,,False,True,False,Oakland Superior,C,OTHER MOTOR VEHICLE,,0,0,CLEAR,,NO UNUSUAL CONDITIONS,,B,DUSK-DAWN,37.823919,-122.313721,,,,,A,NO PEDESTRIANS INVOLVED,2/26/2021 12:00:00 AM,A,22350,False,1,I-80 EB WEST OF TOLL PLAZA (EAST EDGE),,,3/5/2021 2:26:27 PM,A,W,30.0,TOLL PLAZA,F,,D,3/5/2021 2:27:34 PM,3/5/2021 2:27:34 PM,,True,2,,,,,,,
1421380,9370-2021-00551,1,False,9370,2/24/2021 7:10:00 PM,1910,052,14,109,Oakland,1,True,True,C,REAR END,,Wednesday,NotApplicable,False,,,False,True,False,Oakland Superior,C,OTHER MOTOR VEHICLE,,0,0,CLEAR,,NO UNUSUAL CONDITIONS,,D,DARK-NO STREET LIGHTS,37.465235,-122.102294,,,,,A,NO PEDESTRIANS INVOLVED,2/24/2021 12:00:00 AM,A,22350,False,2,I-580 W/B TO SEMINARY AVENUE,,,3/5/2021 10:25:56 AM,A,E,130.0,Seminary Ave,F,,D,3/5/2021 10:26:35 AM,3/5/2021 10:26:35 AM,,True,2,,,,,,,
1421276,9370-2021-00570,1,False,9370,2/27/2021 10:50:00 PM,2250,177,14,109,Oakland,1,True,True,B,SIDE SWIPE,,Saturday,NotApplicable,False,M,,False,True,False,Oakland Superior,C,OTHER MOTOR VEHICLE,,0,0,CLEAR,,NO UNUSUAL CONDITIONS,,D,DARK-NO STREET LIGHTS,37.78766,-122.248187,,,,,A,NO PEDESTRIANS INVOLVED,2/28/2021 12:00:00 AM,A,21651(b),False,1,I-880 N/B,,,3/5/2021 9:08:51 AM,A,S,350.0,16th Ave,F,,D,3/5/2021 9:09:42 AM,3/5/2021 9:09:42 AM,,True,2,,,,,,,
1420937,9370-2021-00586,1,False,9370,3/1/2021 1:05:00 PM,1305,176,14,109,Oakland,1,True,True,C,REAR END,,Monday,NotApplicable,False,,,False,True,True,Oakland Superior,C,OTHER MOTOR VEHICLE,,0,0,CLEAR,,NO UNUSUAL CONDITIONS,,A,DAYLIGHT,37.75583,-122.20997,,,,,A,NO PEDESTRIANS INVOLVED,3/1/2021 12:00:00 AM,A,22350,False,1,I-880 S/B,,,3/4/2021 4:06:16 PM,A,N,900.0,66th Ave,F,,D,3/4/2021 4:06:50 PM,3/4/2021 4:06:50 PM,,True,2,,,,,,,
1420834,9370-2021-00530,1,False,9370,2/22/2021 6:50:00 AM,650,176,14,109,Oakland,1,True,True,C,REAR END,,Monday,NotApplicable,False,,,False,True,False,Oakland Superior,C,OTHER MOTOR VEHICLE,,1,0,CLEAR,,NO UNUSUAL CONDITIONS,,A,DAYLIGHT,37.741526,-122.197132,,,,,A,NO PEDESTRIANS INVOLVED,2/22/2021 12:00:00 AM,A,21658(a),False,1,I-880 N/B,,,3/4/2021 2:10:21 PM,A,N,242.0,Hegenberger Rd,F,,D,3/4/2021 2:11:09 PM,3/4/2021 2:11:09 PM,,True,2,,,,,,,
1420702,9370-2021-00606,1,False,9370,3/3/2021 11:40:00 PM,2340,176,14,109,Oakland,1,True,True,B,SIDE SWIPE,,Wednesday,NotApplicable,False,M,,False,True,False,Oakland Superior,C,OTHER MOTOR VEHICLE,,0,0,CLEAR,,NO UNUSUAL CONDITIONS,,C,DARK-STREET LIGHTS,37.774477,-122.231972,,,,,A,NO PEDESTRIANS INVOLVED,3/3/2021 12:00:00 AM,A,21658(a),False,1,I-880 S/B,,,3/4/2021 11:30:52 AM,A,N,400.0,Fruitvale Ave,F,,D,3/4/2021 11:36:34 AM,3/4/2021 11:36:34 AM,,True,2,,,,,,,
1420698,9370-2021-00608,1,False,9370,3/2/2021 3:45:00 PM,1545,177,14,109,Oakland,1,True,True,C,REAR END,,Tuesday,NotApplicable,False,,,False,True,False,Oakland Superior,C,OTHER MOTOR VEHICLE,,0,0,CLEAR,,NO UNUSUAL CONDITIONS,,A,DAYLIGHT,37.790576,-122.259892,,,,,A,NO PEDESTRIANS INVOLVED,3/2/2021 12:00:00 AM,A,22350,False,1,I-880 N/B,,,3/4/2021 11:26:34 AM,A,S,635.0,5th Ave,F,,D,3/4/2021 11:27:45 AM,3/4/2021 11:27:45 AM,,True,2,,,,,,,
1420441,9370-2021-00549,1,False,9370,2/25/2021 12:45:00 AM,45,176,14,109,Oakland,1,True,True,E,HIT OBJECT,,Thursday,NotApplicable,False,,,False,True,True,Oakland Superior,I,FIXED OBJECT,GUARDRAIL,1,0,CLEAR,,NO UNUSUAL CONDITIONS,,C,DARK-STREET LIGHTS,37.45161,-122.1228,,,,,A,NO PEDESTRIANS INVOLVED,2/25/2021 12:00:00 AM,A,22350,False,1,I-880 NB FROM 66TH AVENUE,,,3/4/2021 7:24:31 AM,A,N,188.0,66th Ave,F,,D,3/4/2021 7:25:22 AM,3/4/2021 7:25:22 AM,,True,2,,,,,,,
1420389,9370-2021-00556,1,False,9370,2/26/2021 4:15:00 AM,415,013,14,109,Oakland,1,True,True,C,REAR END,,Friday,NotApplicable,False,,,False,True,True,Oakland Superior,C,OTHER MOTOR VEHICLE,,0,0,CLEAR,,NO UNUSUAL CONDITIONS,,D,DARK-NO STREET LIGHTS,37.792845,-122.181279,,,,,A,NO PEDESTRIANS INVOLVED,2/26/2021 12:00:00 AM,A,22350,False,1,SR-13 S/B,,,3/4/2021 5:39:33 AM,A,S,755.0,Carson St,F,,D,3/4/2021 5:41:50 AM,3/4/2021 5:41:50 AM,,True,2,,,,,,,
1420194,9370-2021-00561,1,False,9370,2/26/2021 3:50:00 PM,1550,008,14,109,Oakland,1,True,True,C,REAR END,,Friday,NotApplicable,False,,,False,True,False,Oakland Superior,C,OTHER MOTOR VEHICLE,,0,0,CLEAR,,NO UNUSUAL CONDITIONS,,A,DAYLIGHT,37.824277,-122.311051,,,,,A,NO PEDESTRIANS INVOLVED,2/26/2021 12:00:00 AM,A,22350 VC,False,1,I-80 E/B,,,3/3/2021 7:28:51 PM,A,E,700.0,San Francisco Oakland Bay Bridge T/p,F,,D,3/3/2021 7:29:26 PM,3/3/2021 7:29:26 PM,,True,2,,,,,,,
1420132,9370-2021-00536,1,False,9370,2/22/2021 7:15:00 AM,715,055,14,109,Oakland,1,True,True,C,REAR END,,Monday,Yes,False,,,False,True,True,Oakland Superior,C,OTHER MOTOR VEHICLE,,1,0,CLEAR,,NO UNUSUAL CONDITIONS,,A,DAYLIGHT,37.49288,-122.16167,,,,,A,NO PEDESTRIANS INVOLVED,2/22/2021 12:00:00 AM,A,22350,False,1,I-580 E/B TO SR-24 E/B,,,3/3/2021 3:47:16 PM,A,E,285.0,West St,F,,D,3/3/2021 3:47:56 PM,3/3/2021 3:47:56 PM,,True,2,,,,,,,
1420117,9370-2021-00528,1,False,9370,2/21/2021 7:55:00 PM,1955,052,14,109,Oakland,1,True,True,C,REAR END,,Sunday,Yes,False,,,False,True,True,Oakland Superior,C,OTHER MOTOR VEHICLE,,1,0,CLEAR,,NO UNUSUAL CONDITIONS,,C,DARK-STREET LIGHTS,37.748875,-122.150985,,,,,A,NO PEDESTRIANS INVOLVED,2/21/2021 12:00:00 AM,A,22350,False,2,I-580 E/B,,,3/3/2021 3:20:30 PM,A,W,1520.0,106th Ave,F,,D,3/3/2021 3:21:11 PM,3/3/2021 3:21:11 PM,,True,2,,,,,,,
1419562,9370-2021-00572,1,False,9370,2/26/2021 1:40:00 PM,1340,176,14,109,Oakland,1,True,True,E,HIT OBJECT,,Friday,NotApplicable,False,,,False,True,False,Oakland Superior,J,OTHER OBJECT,ROCK,0,0,CLEAR,,NO UNUSUAL CONDITIONS,,A,DAYLIGHT,37.756029,-122.210097,,,,,A,NO PEDESTRIANS INVOLVED,2/26/2021 12:00:00 AM,C,,,,I-880 S/B,,,3/3/2021 6:50:53 AM,A,N,919.0,66th Ave,F,,D,3/3/2021 6:55:35 AM,3/3/2021 6:55:35 AM,,True,2,,,,,,,
1419519,9370-2021-00541,1,False,9370,2/23/2021 7:00:00 PM,1900,176,14,109,Oakland,1,True,True,B,SIDE SWIPE,,Tuesday,NotApplicable,False,,,False,True,True,Oakland Superior,C,OTHER MOTOR VEHICLE,,0,0,CLEAR,,NO UNUSUAL CONDITIONS,,C,DARK-STREET LIGHTS,37.774808,-122.23258,,,,,A,NO PEDESTRIANS INVOLVED,2/23/2021 12:00:00 AM,A,21658(a),False,2,I-880 N/B,,,3/3/2021 5:30:11 AM,A,S,225.0,29th Av Ovps,F,,D,3/3/2021 5:31:17 AM,3/3/2021 5:31:17 AM,,True,2,,,,,,,
1419357,9370-2021-00540,1,False,9370,2/23/2021 7:00:00 PM,1900,055,14,109,Oakland,1,True,True,B,SIDE SWIPE,,Tuesday,NotApplicable,False,M,,False,True,False,Oakland Superior,C,OTHER MOTOR VEHICLE,,0,0,CLEAR,,NO UNUSUAL CONDITIONS,,D,DARK-NO STREET LIGHTS,37.826429,-122.28809,,,,,A,NO PEDESTRIANS INVOLVED,2/23/2021 12:00:00 AM,A,21658(a),False,1,I-580 E/B,,,3/2/2021 5:57:38 PM,A,E,500.0,Mandela Pky,F,,D,3/2/2021 5:58:09 PM,3/2/2021 5:58:09 PM,,True,2,,,,,,,
1419345,9370-2021-00591,1,False,9370,3/1/2021 2:35:00 PM,1435,080,14,109,Oakland,1,True,True,B,SIDE SWIPE,,Monday,NotApplicable,False,M,,False,True,False,Oakland Superior,C,OTHER MOTOR VEHICLE,,0,0,CLEAR,,NO UNUSUAL CONDITIONS,,A,DAYLIGHT,37.838653,-122.296853,,,,,A,NO PEDESTRIANS INVOLVED,3/1/2021 12:00:00 AM,A,21658(a),False,2,I-80 W/B,,,3/2/2021 5:20:44 PM,A,E,200.0,Powell St.,F,,D,3/2/2021 5:21:17 PM,3/2/2021 5:21:17 PM,,True,2,,,,,,,
1440611,9370-2021-00869,1,False,9370,3/26/2021 9:00:00 PM,2100,177,14,109,Oakland,1,True,True,B,SIDE SWIPE,,Friday,NotApplicable,True,,,False,True,False,Oakland Superior,C,OTHER MOTOR VEHICLE,,0,0,CLEAR,,NO UNUSUAL CONDITIONS,,C,DARK-STREET LIGHTS,37.762902,-122.215742,,,,,A,NO PEDESTRIANS INVOLVED,3/26/2021 12:00:00 AM,A,21658(a),False,1,I-880 N/B,,,4/1/2021 5:40:27 AM,A,S,2260.0,HIGH STREET,F,,D,4/1/2021 5:42:34 AM,4/1/2021 5:42:34 AM,,True,2,,,,,,,
1440598,9370-2021-00903,1,False,9370,3/25/2021 8:00:00 AM,800,177,14,109,Oakland,1,True,True,B,SIDE SWIPE,,Thursday,NotApplicable,False,,,False,True,False,Oakland Superior,C,OTHER MOTOR VEHICLE,,0,0,CLEAR,,NO UNUSUAL CONDITIONS,,A,DAYLIGHT,37.78817,-122.25052,,,,,A,NO PEDESTRIANS INVOLVED,3/25/2021 12:00:00 AM,B,Unsafe Merge,,1,I-880 S/B,,,4/1/2021 4:35:52 AM,A,N,1900.0,16th Ave,F,,D,4/1/2021 4:36:44 AM,4/1/2021 4:36:44 AM,,True,2,,,,,,,
1440428,9370-2021-00838,1,False,9370,3/24/2021 5:20:00 PM,1720,177,14,109,Oakland,1,True,True,C,REAR END,,Wednesday,NotApplicable,False,,,False,True,False,Oakland Superior,C,OTHER MOTOR VEHICLE,,0,0,CLEAR,,NO UNUSUAL CONDITIONS,,A,DAYLIGHT,37.790388,-122.259715,,,,,A,NO PEDESTRIANS INVOLVED,3/24/2021 12:00:00 AM,A,22350,False,1,I-880 S/B,,,3/31/2021 5:04:56 PM,A,S,100.0,5th Ave,F,,D,3/31/2021 5:06:28 PM,3/31/2021 5:06:28 PM,,True,2,,,,,,,
1440426,9370-2021-00837,1,False,9370,3/24/2021 2:40:00 PM,1440,177,14,109,Oakland,1,True,True,E,HIT OBJECT,,Wednesday,Yes,False,,,False,True,True,Oakland Superior,I,FIXED OBJECT,CONCRETE WALL,1,0,CLEAR,,NO UNUSUAL CONDITIONS,,A,DAYLIGHT,37.78881,-122.25839,,,,,A,NO PEDESTRIANS INVOLVED,3/24/2021 12:00:00 AM,A,22350,False,1,I-880 N/B TO 5TH AVE,,,3/31/2021 4:51:11 PM,A,N,500.0,5th Ave,F,,D,3/31/2021 4:51:58 PM,3/31/2021 4:51:58 PM,,True,2,,,,,,,
1440256,9370-2021-00889,1,False,9370,3/20/2021 9:00:00 AM,900,052,14,109,Oakland,1,True,True,E,HIT OBJECT,,Saturday,Yes,False,,,False,True,True,Oakland Superior,I,FIXED OBJECT,CONCRETE WALL,1,0,CLEAR,,NO UNUSUAL CONDITIONS,,A,DAYLIGHT,37.772736,-122.15738,,,,,A,NO PEDESTRIANS INVOLVED,3/20/2021 12:00:00 AM,A,22107,False,1,I-580 E/B,,,3/31/2021 11:57:56 AM,A,W,400.0,Keller Ave,F,,D,3/31/2021 12:01:17 PM,3/31/2021 12:01:17 PM,,True,2,,,,,,,
1440108,9370-2021-00847,1,False,9370,3/24/2021 7:15:00 AM,715,008,14,109,Oakland,1,True,True,B,SIDE SWIPE,,Wednesday,NotApplicable,True,M,,False,True,False,Oakland Superior,C,OTHER MOTOR VEHICLE,,0,0,CLEAR,,NO UNUSUAL CONDITIONS,,A,DAYLIGHT,37.8251,-122.31343,,,,,A,NO PEDESTRIANS INVOLVED,3/24/2021 12:00:00 AM,A,22107,False,,I-80 W/B,,,3/31/2021 8:48:23 AM,A,E,50.0,SFOBB TOLL PLAZA,F,,D,3/31/2021 8:49:20 AM,3/31/2021 8:49:20 AM,,True,2,,,,,,,
1440009,9370-2021-00828,1,False,9370,3/24/2021 12:16:00 AM,16,176,14,109,Oakland,1,True,True,E,HIT OBJECT,,Wednesday,Yes,True,,,False,True,True,Oakland Superior,I,FIXED OBJECT,RAISED CONCRETE CURB,2,0,CLEAR,,NO UNUSUAL CONDITIONS,,On-Duty Emergency VehicleD,DARK-NO STREET LIGHTS,37.76645,-122.218298,,,,,A,NO PEDESTRIANS INVOLVED,3/24/2021 12:00:00 AM,B,Unsafe Speed,,1,I-880 N/B TO HIGH ST,,,3/31/2021 5:54:56 AM,A,N,145.0,46th St,F,,D,3/31/2021 5:56:03 AM,3/31/2021 5:56:03 AM,,True,2,,,,,,,
1439750,9370-2021-00864,1,False,9370,3/26/2021 12:25:00 PM,1225,179,14,109,Oakland,1,True,True,B,SIDE SWIPE,,Friday,Yes,False,,,False,True,True,Oakland Superior,D,MOTOR VEHICLE ON OTHER ROADWAY,,1,0,CLEAR,,NO UNUSUAL CONDITIONS,,A,DAYLIGHT,37.832676,-122.293793,,,,,A,NO PEDESTRIANS INVOLVED,3/26/2021 12:00:00 AM,A,22107,False,1,I-880 N/B TO I-80 E/B,,,3/30/2021 4:37:43 PM,A,S,2097.0,Powell St,F,SEE PAGE 4.,A,3/30/2021 4:38:36 PM,3/30/2021 4:38:36 PM,,True,2,,,,,,,
1439744,9370-2021-00780,1,False,9370,3/19/2021 12:08:00 PM,1208,176,14,109,Oakland,1,True,True,C,REAR END,,Friday,NotApplicable,False,,,False,True,True,Oakland Superior,C,OTHER MOTOR VEHICLE,,0,0,CLEAR,,NO UNUSUAL CONDITIONS,,A,DAYLIGHT,37.77306,-122.22756,,,,,A,NO PEDESTRIANS INVOLVED,3/19/2021 12:00:00 AM,A,22350,False,2,I-880 S/B,,,3/30/2021 4:23:53 PM,A,S,90.0,Fruitvale Ave,F,,D,3/30/2021 4:24:46 PM,3/30/2021 4:24:46 PM,,True,2,,,,,,,