collision-id,report-number,report-version,is-preliminary,ncic-code,crash-date-time,crash-time-description,beat,city-id,city-code,city-name,county-code,city-is-active,city-is-incorporated,collision-type-code,collision-type-description,collision-type-other-desc,day-of-week,dispatch-notified,has-photographs,hit-run,is-attachments-mailed,is-deleted,is-highway-related,is-tow-away,judicial-district,motor-vehicle-involved-with-code,motor-vehicle-involved-with-desc,motor-vehicle-involved-with-other-desc,number-injured,number-killed,weather-1,weather-2,road-condition-1,road-condition-2,special-condition-lighting-code,lighting-description,latitude,longitude,milepost-direction,milepost-distance,milepost-marker,milepost-unit-of-measure,pedestrian-action-code,pedestrian-action-desc,prepared-date,primary-collision-factor-code,primary-collision-factor-violation,primary-collision-factor-is-cited,primary-collision-party-number,primary-road,reporting-district,reporting-district-code,reviewed-date,roadway-surface-code,secondary-direction,secondary-distance,secondary-road,secondary-unit-of-measure,sketch-desc,traffic-control-device-code,created-date,modified-date,is-county-road,is-freeway,chp-555-version,is-additonal-object-struck,notification-date,notification-time-description,has-digital-media-files,evidence-number,is-location-refer-to-narrative,is-aoi-one-same-as-location
1562181,9370-2021-11113,1,False,9370,8/28/2021 2:05:00 AM,205,024,14,109,Oakland,1,True,True,E,HIT OBJECT,,Saturday,No,False,,,False,True,False,ALAMEDA SUPERIOR COURT WILEY W. MANUEL COURTHOUSE,I,FIXED OBJECT,CEMENT WALL,0,0,CLEAR,,NO UNUSUAL CONDITIONS,,D,DARK-NO STREET LIGHTS,37.854558,-122.217456,,,,,A,NO PEDESTRIANS INVOLVED,8/28/2021 2:05:00 AM,A,VC 22107,False,,SR 24 EASTBOUND,,,9/3/2021 12:00:00 AM,A,W,25.0,WEST EDGE OF BORE #1 OF THE CALDECOTT TUNNEL,F,,D,9/3/2021 8:45:10 AM,9/3/2021 8:45:10 AM,False,True,4,,,,,,,
1562052,9370-2021-11064,1,False,9370,8/24/2021 3:54:00 PM,1554,080,14,109,Oakland,1,True,True,C,REAR END,,Tuesday,NotApplicable,False,M,,False,True,True,ALAMEDA SUPERIOR COURT WILEY W. MANUEL COURTHOUSE,C,OTHER MOTOR VEHICLE,,0,0,CLEAR,,NO UNUSUAL CONDITIONS,,A,DAYLIGHT,37.835556,-122.295674,,,,,A,NO PEDESTRIANS INVOLVED,8/24/2021 3:54:00 PM,A,VC 22350,False,,I-80 W/B,,,9/3/2021 12:00:00 AM,A,W,800.0,POWELL ST,F,,D,9/3/2021 6:39:00 AM,9/3/2021 6:39:00 AM,False,True,4,False,,,,,,
1561428,9370-2021-11099,1,False,9370,8/27/2021 5:45:00 PM,1745,176,14,109,Oakland,1,True,True,B,SIDE SWIPE,,Friday,NotApplicable,False,M,,False,True,False,ALAMEDA SUPERIOR COURT WILEY W. MANUEL COURTHOUSE,C,OTHER MOTOR VEHICLE,,0,0,CLEAR,,NO UNUSUAL CONDITIONS,,A,DAYLIGHT,37.761073,-122.21429,,,,,A,NO PEDESTRIANS INVOLVED,8/27/2021 5:45:00 PM,A,VC 21658(A),False,,I-880 N/B,,,9/2/2021 12:00:00 AM,A,S,3000.0,HIGH ST,F,,D,9/2/2021 1:03:08 PM,9/2/2021 1:03:08 PM,False,True,4,,,,,,,
1561312,9370-2021-11098,1,False,9370,8/27/2021 1:45:00 PM,1345,176,14,109,Oakland,1,True,True,C,REAR END,,Friday,NotApplicable,False,,,False,True,True,ALAMEDA SUPERIOR COURT WILEY W. MANUEL COURTHOUSE,C,OTHER MOTOR VEHICLE,,0,0,CLEAR,,NO UNUSUAL CONDITIONS,,A,DAYLIGHT,37.775967,-122.235152,,,,,A,NO PEDESTRIANS INVOLVED,8/27/2021 1:45:00 PM,A,VC 22350,False,,I-880 N/B,,,9/2/2021 12:00:00 AM,A,N,550.0,29TH AVE,F,,D,9/2/2021 11:29:15 AM,9/2/2021 11:29:15 AM,False,True,4,,,,,,,
1561307,9370-2021-11097,1,False,9370,8/27/2021 1:44:00 PM,1344,176,14,109,Oakland,1,True,True,C,REAR END,,Friday,NotApplicable,False,M,,False,True,True,ALAMEDA SUPERIOR COURT WILEY W. MANUEL COURTHOUSE,C,OTHER MOTOR VEHICLE,,0,0,CLEAR,,NO UNUSUAL CONDITIONS,,A,DAYLIGHT,37.775884,-122.23504,,,,,A,NO PEDESTRIANS INVOLVED,8/27/2021 1:44:00 PM,A,VC 22350,False,,I-880 N/B,,,9/2/2021 12:00:00 AM,A,N,530.0,29TH AVE,F,,D,9/2/2021 11:22:54 AM,9/2/2021 11:22:54 AM,False,True,4,,,,,,,
1561299,9370-2021-11087,1,False,9370,8/27/2021 11:45:00 AM,1145,176,14,109,Oakland,1,True,True,C,REAR END,,Friday,NotApplicable,False,,,False,True,False,Alameda Superior Court Wiley W. Manuel Courthouse,C,OTHER MOTOR VEHICLE,,0,0,CLEAR,,NO UNUSUAL CONDITIONS,,A,DAYLIGHT,37.773353,-122.228268,,,,,A,NO PEDESTRIANS INVOLVED,8/27/2021 11:45:00 AM,A,VC 22350,False,,I-880 S/B,,,9/2/2021 12:00:00 AM,A,N,1000.0,HIGH STREET,F,,D,9/2/2021 11:18:58 AM,9/2/2021 11:18:58 AM,False,True,4,,,,,,,
1561108,9370-2021-11080,1,False,9370,8/26/2021 5:11:00 PM,1711,053,14,109,Oakland,1,True,True,C,REAR END,,Thursday,NotApplicable,False,M,,False,True,False,ALAMEDA SUPERIOR COURT WILEY W. MANUEL COURTHOUSE,C,OTHER MOTOR VEHICLE,,0,0,CLEAR,,NO UNUSUAL CONDITIONS,,A,DAYLIGHT,37.794931,-122.206625,,,,,A,NO PEDESTRIANS INVOLVED,8/26/2021 5:11:00 PM,A,VC 22350,False,,I-580 W/B,,,9/2/2021 12:00:00 AM,A,E,1320.0,COOLIDGE AVE,F,,D,9/2/2021 9:20:07 AM,9/2/2021 9:20:07 AM,False,True,4,,,,,,,
1561071,9335-2021-10657,1,False,9335,8/22/2021 8:35:00 PM,2035,082,14,109,Oakland,1,True,True,C,REAR END,,Sunday,NotApplicable,False,,,False,True,False,ALAMEDA SUPERIOR COURT ALAMEDA,C,OTHER MOTOR VEHICLE,,1,0,CLEAR,,NO UNUSUAL CONDITIONS,,C,DARK-STREET LIGHTS,37.823111,-122.320194,,,,,A,NO PEDESTRIANS INVOLVED,8/22/2021 8:35:00 PM,A,VC 22350,False,,I-80 W/B,,,9/2/2021 12:00:00 AM,A,W,885.0,THE METERING LIGHTS,F,,D,9/2/2021 8:50:16 AM,9/2/2021 8:50:16 AM,False,True,4,,,,,,,
1560990,9370-2021-11053,1,False,9370,8/23/2021 7:15:00 PM,1915,053,14,109,Oakland,1,True,True,B,SIDE SWIPE,,Monday,NotApplicable,False,M,,False,True,False,ALAMEDA SUPERIOR COURT WILEY W. MANUEL COURTHOUSE,C,OTHER MOTOR VEHICLE,,0,0,CLEAR,,NO UNUSUAL CONDITIONS,,A,DAYLIGHT,37.796215,-122.209633,,,,,A,NO PEDESTRIANS INVOLVED,8/23/2021 7:15:00 PM,A,VC 21658(A),False,,I-580 W/B,,,9/2/2021 12:00:00 AM,A,E,310.0,COOLIDGE AVENUE,F,,D,9/2/2021 7:24:58 AM,9/2/2021 7:24:58 AM,False,True,4,,,,,,,
1560986,9370-2021-11075,1,False,9370,8/26/2021 6:10:00 AM,610,055,14,109,Oakland,1,True,True,C,REAR END,,Thursday,NotApplicable,False,,,False,True,False,ALAMEDA SUPERIOR COURT WILEY W. MANUEL COURTHOUSE,D,MOTOR VEHICLE ON OTHER ROADWAY,,1,0,CLOUDY,,NO UNUSUAL CONDITIONS,,A,DAYLIGHT,37.827135,-122.29071,,,,,A,NO PEDESTRIANS INVOLVED,8/26/2021 6:10:00 AM,A,VC 22350,False,,I-580 W/B TO I-80 W/B,,,9/2/2021 12:00:00 AM,A,W,300.0,MANDELA PARKWAY,F,,D,9/2/2021 7:22:42 AM,9/2/2021 7:22:42 AM,False,True,4,,,,,,,
1560970,9370-2021-11069,1,False,9370,8/24/2021 5:31:00 PM,1731,013,14,109,Oakland,1,True,True,C,REAR END,,Tuesday,NotApplicable,False,M,,False,True,True,ALAMEDA SUPERIOR COURT WILEY W. MANUEL COURTHOUSE,C,OTHER MOTOR VEHICLE,,1,0,CLEAR,,NO UNUSUAL CONDITIONS,,A,DAYLIGHT,37.82812,-122.212594,,,,,A,NO PEDESTRIANS INVOLVED,8/24/2021 5:31:00 PM,A,VC 22350,False,,SR-13 S/B,,,9/2/2021 12:00:00 AM,A,N,2640.0,PARK BLVD.,F,,D,9/2/2021 7:04:09 AM,9/2/2021 7:04:09 AM,False,True,4,,,,,,,
1560923,9370-2021-11055,1,False,9370,8/23/2021 9:05:00 PM,2105,008,14,109,Oakland,1,True,True,E,HIT OBJECT,,Monday,NotApplicable,False,,,False,True,False,ALAMEDA SUPERIOR COURT WILEY W. MANUEL COURTHOUSE,J,OTHER OBJECT,TIRE,0,0,CLEAR,,NO UNUSUAL CONDITIONS,,C,DARK-STREET LIGHTS,37.825021,-122.308536,,,,,A,NO PEDESTRIANS INVOLVED,8/23/2021 9:05:00 PM,C,,,,I-80 W/B,,,9/2/2021 12:00:00 AM,A,E,1315.0,SAN FRANCISCO/OAKLAND BAY BRIDGE TOLL PLAZA,F,,D,9/2/2021 5:59:39 AM,9/2/2021 5:59:39 AM,False,True,4,,,,,,,
1560172,9370-2021-10856,1,False,9370,8/5/2021 11:45:00 PM,2345,053,14,109,Oakland,1,True,True,C,REAR END,,Thursday,Yes,False,M,,False,True,True,ALAMEDA SUPERIOR COURT WILEY W. MANUEL COURTHOUSE,C,OTHER MOTOR VEHICLE,,1,0,CLEAR,,NO UNUSUAL CONDITIONS,,C,DARK-STREET LIGHTS,37.794624,-122.206864,,,,,A,NO PEDESTRIANS INVOLVED,8/5/2021 11:45:00 PM,A,VC 23152(a),True,,I-580 E/B,,,9/1/2021 12:00:00 AM,A,E,184.0,MAPLE AVE,F,,D,9/1/2021 8:13:00 AM,9/1/2021 8:13:00 AM,False,True,4,,,,,,,
1560149,9370-2021-11035,1,False,9370,8/21/2021 7:20:00 AM,720,178,14,109,Oakland,1,True,True,E,HIT OBJECT,,Saturday,Yes,False,,,False,True,True,ALAMEDA SUPERIOR COURT WILEY W. MANUEL COURTHOUSE,I,FIXED OBJECT,METAL ATTENUATOR,1,0,CLEAR,,NO UNUSUAL CONDITIONS,,A,DAYLIGHT,37.825731,-122.307544,,,,,A,NO PEDESTRIANS INVOLVED,8/21/2021 7:20:00 AM,A,VC 21658(A),False,,I-880 N/B TO I-80 W/B,,,9/1/2021 12:00:00 AM,A,S,1900.0,SAN FRANCISCO-BAY BRIDGE TOLL PLAZA,F,,D,9/1/2021 7:43:27 AM,9/1/2021 7:43:27 AM,False,True,4,,,,,,,
1559671,9370-2021-11061,1,False,9370,8/24/2021 4:15:00 PM,1615,176,14,109,Oakland,1,True,True,C,REAR END,,Tuesday,NotApplicable,False,,,False,True,False,ALAMEDA SUPERIOR COURT WILEY W. MANUEL COURTHOUSE,C,OTHER MOTOR VEHICLE,,0,0,CLEAR,,NO UNUSUAL CONDITIONS,,A,DAYLIGHT,37.776877,-122.236599,,,,,A,NO PEDESTRIANS INVOLVED,8/24/2021 4:15:00 PM,A,VC 22350,False,,I-880 S/B,,,8/31/2021 12:00:00 AM,A,S,1100.0,23RD AVENUE,F,,D,8/31/2021 1:23:43 PM,8/31/2021 1:23:43 PM,False,True,4,,,,,,,
1559662,9370-2021-11041,1,False,9370,8/22/2021 4:00:00 AM,400,024,14,109,Oakland,1,True,True,B,SIDE SWIPE,,Sunday,NotApplicable,False,M,,False,True,True,ALAMEDA SUPERIOR COURT WILEY W. MANUEL COURTHOUSE,I,FIXED OBJECT,CONCRETE WALL,0,0,CLOUDY,,NO UNUSUAL CONDITIONS,,C,DARK-STREET LIGHTS,37.853259,-122.221801,,,,,A,NO PEDESTRIANS INVOLVED,8/22/2021 4:00:00 AM,A,VC 22107,False,,SR-24 W/B,,,8/31/2021 12:00:00 AM,A,W,1000.0,OLD TUNNEL ROAD,F,,D,8/31/2021 1:18:56 PM,8/31/2021 1:18:56 PM,False,True,4,,,,,,,
1580175,9335-2021-10806,1,False,9335,9/12/2021 10:05:00 PM,2205,084,14,109,Oakland,1,True,True,B,SIDE SWIPE,,Sunday,NotApplicable,False,,,False,True,False,ALAMEDA SUPERIOR COURT ALAMEDA,C,OTHER MOTOR VEHICLE,,1,0,CLEAR,,NO UNUSUAL CONDITIONS,,C,DARK-STREET LIGHTS,37.822115,-122.323397,,,,,A,NO PEDESTRIANS INVOLVED,9/12/2021 10:05:00 PM,A,VC 21658(A),False,,I-80 E/B,,,9/27/2021 12:00:00 AM,A,W,1680.0,SAN FRANCISCO OAKLAND BAY BRIDGE TOLL PLAZA,F,,D,9/27/2021 9:19:40 AM,9/27/2021 9:19:40 AM,False,True,4,,,,,,,
1579936,9370-2021-11427,1,False,9370,9/24/2021 4:05:00 PM,1605,052,14,109,Oakland,1,True,True,E,HIT OBJECT,,Friday,NotApplicable,False,,,False,True,False,ALAMEDA SUPERIOR COURT WILEY W. MANUEL COURTHOUSE,I,FIXED OBJECT,CONCRETE BARRIER,0,0,CLEAR,,NO UNUSUAL CONDITIONS,,A,DAYLIGHT,37.784015,-122.180597,,,,,A,NO PEDESTRIANS INVOLVED,9/24/2021 4:05:00 PM,A,VC 22107,False,,I-580 W/B,,,9/27/2021 12:00:00 AM,A,E,2050.0,BUELL ST.,F,,D,9/27/2021 6:10:35 AM,9/27/2021 6:10:35 AM,False,True,4,,,,,,,
1579923,9370-2021-11348,1,False,9370,9/19/2021 3:09:00 AM,309,177,14,109,Oakland,1,True,True,C,REAR END,,Sunday,NotApplicable,False,M,,False,True,True,ALAMEDA SUPERIOR COURT WILEY W. MANUEL COURTHOUSE,C,OTHER MOTOR VEHICLE,,0,0,RAINING,,NO UNUSUAL CONDITIONS,,C,DARK-STREET LIGHTS,37.790197,-122.25965,,,,,A,NO PEDESTRIANS INVOLVED,9/19/2021 3:09:00 AM,A,VC 22350,False,,I-880 S/B,,,9/27/2021 12:00:00 AM,B,S,110.0,5TH AVENUE,F,,D,9/27/2021 5:33:11 AM,9/27/2021 5:33:11 AM,False,True,4,True,,,,,,
1579915,9370-2021-11344,1,False,9370,9/19/2021 2:46:00 AM,246,055,14,109,Oakland,1,True,True,C,REAR END,,Sunday,Yes,False,,,False,True,True,ALAMEDA SUPERIOR COURT WILEY W. MANUEL COURTHOUSE,C,OTHER MOTOR VEHICLE,,1,0,CLOUDY,,NO UNUSUAL CONDITIONS,,C,DARK-STREET LIGHTS,37.827812,-122.283188,,,,,A,NO PEDESTRIANS INVOLVED,9/19/2021 2:46:00 AM,A,VC 22350,False,,I-580 W/B,,,9/27/2021 12:00:00 AM,B,E,120.0,SAN PABLO AVE,F,,D,9/27/2021 4:48:35 AM,9/27/2021 4:48:35 AM,False,True,4,,,,,,,
1579914,9370-2021-11324,1,False,9370,9/16/2021 1:00:00 AM,100,025,14,109,Oakland,1,True,True,E,HIT OBJECT,,Thursday,Yes,False,,,False,True,True,ALAMEDA SUPERIOR COURT WILEY W. MANUEL COURTHOUSE,I,FIXED OBJECT,RAISED CONCRETE CURB,0,0,CLOUDY,,NO UNUSUAL CONDITIONS,,C,DARK-STREET LIGHTS,37.840883,-122.262269,,,,,A,NO PEDESTRIANS INVOLVED,9/16/2021 1:00:00 AM,A,VC 23152(A),False,,SR-24 W/B FROM MARTIN LUTHER KING JR WAY,,,9/27/2021 12:00:00 AM,A,E,200.0,45TH ST,F,,D,9/27/2021 4:45:29 AM,9/27/2021 4:45:29 AM,False,True,4,,,,,,,
1579808,9370-2021-11332,1,False,9370,9/17/2021 3:30:00 PM,1530,179,14,109,Oakland,1,True,True,C,REAR END,,Friday,Yes,False,,,False,True,True,ALAMEDA SUPERIOR COURT WILEY W. MANUEL COURTHOUSE,C,OTHER MOTOR VEHICLE,,1,0,CLEAR,,NO UNUSUAL CONDITIONS,,A,DAYLIGHT,37.82419,-122.291112,,,,,A,NO PEDESTRIANS INVOLVED,9/17/2021 3:30:00 PM,A,VC 21658(A),False,,I-880 N/B TO I-80 E/B,,,9/26/2021 12:00:00 AM,A,N,2030.0,W GRAND AVE,F,,D,9/26/2021 3:49:16 PM,9/26/2021 3:49:16 PM,False,True,4,,,,,,,
1579807,9370-2021-11392,1,False,9370,9/17/2021 9:00:00 AM,900,055,14,109,Oakland,1,True,True,B,SIDE SWIPE,,Friday,NotApplicable,False,M,,False,True,False,ALAMEDA SUPERIOR COURT WILEY W. MANUEL COURTHOUSE,C,OTHER MOTOR VEHICLE,,0,0,CLEAR,,NO UNUSUAL CONDITIONS,,A,DAYLIGHT,37.80922,-122.24417,,,,,A,NO PEDESTRIANS INVOLVED,9/17/2021 9:00:00 AM,A,VC 21658(a),False,,I-580 W/B,,,9/26/2021 12:00:00 AM,A,E,645.0,LAKESHORE AVE,F,,A,9/26/2021 3:42:18 PM,9/26/2021 3:42:18 PM,False,False,4,,,,,,,
1579794,9370-2021-11354,1,False,9370,9/19/2021 11:40:00 AM,1140,179,14,109,Oakland,1,True,True,C,REAR END,,Sunday,NotApplicable,False,,,False,True,True,ALAMEDA SUPERIOR COURT WILEY W. MANUEL COURTHOUSE,C,OTHER MOTOR VEHICLE,METAL ATTENUATOR,0,0,CLEAR,,NO UNUSUAL CONDITIONS,,A,DAYLIGHT,37.815289,-122.299221,,,,,A,NO PEDESTRIANS INVOLVED,9/19/2021 11:40:00 AM,A,VC 21658(A),False,,I-880 N/B TO I-80 W/B,,,9/26/2021 12:00:00 AM,A,S,2000.0,WEST GRAND AVE,F,,D,9/26/2021 3:09:11 PM,9/26/2021 3:09:11 PM,False,True,4,True,,,,,,
1579793,9370-2021-11185,1,False,9370,9/4/2021 2:45:00 PM,1445,024,14,109,Oakland,1,True,True,C,REAR END,,Saturday,NotApplicable,False,,,False,True,False,ALAMEDA SUPERIOR COURT WILEY W. MANUEL COURTHOUSE,C,OTHER MOTOR VEHICLE,,0,0,CLEAR,,NO UNUSUAL CONDITIONS,,A,DAYLIGHT,37.850353,-122.223306,,,,,A,NO PEDESTRIANS INVOLVED,9/4/2021 2:45:00 PM,A,VC 22350,False,,SR-24 W/B,,,9/26/2021 12:00:00 AM,A,W,100.0,KAY ST.,F,,D,9/26/2021 3:08:29 PM,9/26/2021 3:08:29 PM,False,True,4,,,,,,,
1579792,9370-2021-11382,2,False,9370,9/19/2021 3:45:00 PM,1545,024,14,109,Oakland,1,True,True,C,REAR END,,Sunday,NotApplicable,False,,,False,True,False,ALAMEDA SUPERIOR COURT WILEY W. MANUEL COURTHOUSE,C,OTHER MOTOR VEHICLE,,2,0,CLEAR,,NO UNUSUAL CONDITIONS,,A,DAYLIGHT,37.851085,-122.222825,,,,,A,NO PEDESTRIANS INVOLVED,9/19/2021 3:45:00 PM,A,VC 22350,False,,SR-24 E/B,,,9/26/2021 12:00:00 AM,A,E,120.0,KAY AVENUE,F,,D,9/26/2021 3:03:53 PM,9/26/2021 3:04:00 PM,False,True,4,,,,,,,
1579784,9370-2021-11336,2,False,9370,9/18/2021 11:35:00 AM,1135,080,14,109,Oakland,1,True,True,B,SIDE SWIPE,,Saturday,NotApplicable,False,,,False,True,False,ALAMEDA SUPERIOR COURT WILEY W. MANUEL COURTHOUSE,C,OTHER MOTOR VEHICLE,,0,0,CLEAR,,NO UNUSUAL CONDITIONS,,A,DAYLIGHT,37.83936,-122.29694,,,,,A,NO PEDESTRIANS INVOLVED,9/18/2021 11:35:00 AM,A,VC 21658(A),False,,I-80 W/B,,,9/26/2021 12:00:00 AM,A,E,400.0,POWELL ST,F,,D,9/26/2021 2:35:23 PM,11/3/2021 1:20:34 PM,False,True,4,,,,,,,
1579032,9370-2021-11419,1,False,9370,9/24/2021 8:10:00 AM,810,055,14,109,Oakland,1,True,True,C,REAR END,,Friday,NotApplicable,False,M,,False,True,False,ALAMEDA SUPERIOR COURT WILEY W. MANUEL COURTHOUSE,C,OTHER MOTOR VEHICLE,,1,0,CLEAR,,NO UNUSUAL CONDITIONS,,A,DAYLIGHT,37.82719,-122.284886,,,,,A,NO PEDESTRIANS INVOLVED,9/24/2021 8:10:00 AM,A,VC 22350,False,,I-580 W/B,,,9/24/2021 12:00:00 AM,A,W,100.0,HOLLIS ST,F,,D,9/24/2021 11:39:10 AM,9/24/2021 11:39:10 AM,False,True,4,,,,,,,
1578724,9370-2021-11347,1,False,9370,9/19/2021 2:36:00 AM,236,055,14,109,Oakland,1,True,True,C,REAR END,,Sunday,NotApplicable,False,,,False,True,True,ALAMEDA SUPERIOR COURT WILEY W. MANUEL COURTHOUSE,C,OTHER MOTOR VEHICLE,,0,0,CLOUDY,,NO UNUSUAL CONDITIONS,,C,DARK-STREET LIGHTS,37.493932,-122.17104,,,,,A,NO PEDESTRIANS INVOLVED,9/19/2021 2:36:00 AM,A,VC 22350,False,,I-580 W/B,,,9/24/2021 12:00:00 AM,B,E,275.0,HOLLIS STREET,F,,D,9/24/2021 7:39:40 AM,9/24/2021 7:39:40 AM,False,True,4,,,,,,,
1578696,9370-2021-11349,1,False,9370,9/19/2021 12:23:00 AM,23,177,14,109,Oakland,1,True,True,B,SIDE SWIPE,,Sunday,NotApplicable,False,M,,False,True,True,ALAMEDA SUPERIOR COURT WILEY W. MANUEL COURTHOUSE,C,OTHER MOTOR VEHICLE,,0,0,CLEAR,,NO UNUSUAL CONDITIONS,,C,DARK-STREET LIGHTS,37.786717,-122.246399,,,,,A,NO PEDESTRIANS INVOLVED,9/19/2021 12:23:00 AM,A,VC 21658(a),False,,I-880 S/B,,,9/24/2021 12:00:00 AM,A,N,1230.0,16TH AVE,F,,D,9/24/2021 6:59:49 AM,9/24/2021 6:59:49 AM,False,True,4,,,,,,,
1578687,9370-2021-11414,1,False,9370,9/18/2021 9:50:00 PM,2150,052,14,109,Oakland,1,True,True,B,SIDE SWIPE,,Saturday,NotApplicable,False,M,,False,True,True,Alameda Superior Court Wiley W. Manuel Courthouse,C,OTHER MOTOR VEHICLE,,0,0,CLEAR,,NO UNUSUAL CONDITIONS,,C,DARK-STREET LIGHTS,37.44392,-122.85142,,,,,A,NO PEDESTRIANS INVOLVED,9/18/2021 9:50:00 PM,A,VC 21658(a),False,,I-580 W/B,,,9/24/2021 12:00:00 AM,A,E,430.0,106TH AVENUE,F,,D,9/24/2021 6:49:28 AM,9/24/2021 6:49:28 AM,False,True,4,,,,,,,
1578627,9370-2021-11326,1,False,9370,9/15/2021 8:20:00 PM,2020,055,14,109,Oakland,1,True,True,B,SIDE SWIPE,,Wednesday,NotApplicable,False,M,,False,True,False,ALAMEDA SUPERIOR COURT WILEY W. MANUEL COURTHOUSE,C,OTHER MOTOR VEHICLE,,0,0,CLEAR,,NO UNUSUAL CONDITIONS,,D,DARK-NO STREET LIGHTS,37.826447,-122.28767,,,,,A,NO PEDESTRIANS INVOLVED,9/15/2021 8:20:00 PM,A,VC 21658(A),False,,I-580 W/B,,,9/24/2021 12:00:00 AM,A,W,2300.0,SAN PABLO AVE,F,,D,9/24/2021 5:45:50 AM,9/24/2021 5:45:50 AM,False,True,4,,,,,,,
1578414,9370-2021-11278,1,False,9370,9/12/2021 9:02:00 PM,2102,178,14,109,Oakland,1,True,True,B,SIDE SWIPE,,Sunday,NotApplicable,False,,,False,True,True,ALAMEDA SUPERIOR COURT WILEY W. MANUEL COURTHOUSE,C,OTHER MOTOR VEHICLE,GUARD RAIL,2,0,CLEAR,,NO UNUSUAL CONDITIONS,,C,DARK-STREET LIGHTS,37.805094,-122.303256,,,,,A,NO PEDESTRIANS INVOLVED,9/12/2021 9:02:00 PM,A,VC 21658(a),False,,I-880 N/B,,,9/23/2021 12:00:00 AM,A,S,900.0,7TH ST,F,,D,9/23/2021 8:14:18 PM,9/23/2021 8:14:18 PM,False,True,4,True,,,,,,
1578399,9370-2021-11406,2,False,9370,9/23/2021 1:05:00 PM,1305,176,14,109,Oakland,1,True,True,B,SIDE SWIPE,,Thursday,NotApplicable,False,,,False,True,False,ALAMEDA SUPERIOR COURT WILEY W. MANUEL COURTHOUSE,C,OTHER MOTOR VEHICLE,,0,0,CLEAR,,NO UNUSUAL CONDITIONS,,A,DAYLIGHT,37.749555,-122.204489,,,,,A,NO PEDESTRIANS INVOLVED,9/23/2021 1:05:00 PM,B,UNSAFE MERGE,,1,I-880 S/B,,,10/22/2021 12:00:00 AM,A,S,1900.0,66TH AVE,F,,D,9/23/2021 6:51:27 PM,10/22/2021 8:56:58 AM,False,True,4,,,,,,,
1578389,9370-2021-11379,1,False,9370,9/20/2021 11:18:00 AM,1118,054,14,109,Oakland,1,True,True,C,REAR END,,Monday,NotApplicable,False,,,False,True,False,ALAMEDA SUPERIOR COURT WILEY W. MANUEL COURTHOUSE,C,OTHER MOTOR VEHICLE,,0,0,CLEAR,,NO UNUSUAL CONDITIONS,,A,DAYLIGHT,37.81273,-122.25075,,,,,A,NO PEDESTRIANS INVOLVED,9/20/2021 11:18:00 AM,A,VC 22350,False,,I-580 E/B,,,9/23/2021 12:00:00 AM,A,W,918.0,GRAND AVE,F,,D,9/23/2021 6:13:11 PM,9/23/2021 6:13:11 PM,False,True,4,,,,,,,
1578388,9370-2021-11361,1,False,9370,9/19/2021 8:10:00 PM,2010,055,14,109,Oakland,1,True,True,C,REAR END,,Sunday,NotApplicable,False,M,,False,True,False,ALAMEDA SUPERIOR COURT WILEY W. MANUEL COURTHOUSE,C,OTHER MOTOR VEHICLE,,0,0,CLEAR,,NO UNUSUAL CONDITIONS,,C,DARK-STREET LIGHTS,37.826884,-122.290108,,,,,A,NO PEDESTRIANS INVOLVED,9/19/2021 8:10:00 PM,A,VC 22350,False,,I-580 W/B TO I-80 W/B,,,9/23/2021 12:00:00 AM,A,W,70.0,MANDELA PARKWAY,F,,D,9/23/2021 6:01:19 PM,9/23/2021 6:01:19 PM,False,True,4,,,,,,,
1578346,9370-2021-11357,1,False,9370,9/18/2021 6:14:00 PM,1814,054,14,109,Oakland,1,True,True,C,REAR END,,Saturday,NotApplicable,False,M,,False,True,False,ALAMEDA SUPERIOR COURT WILEY W. MANUEL COURTHOUSE,C,OTHER MOTOR VEHICLE,,0,0,CLEAR,,NO UNUSUAL CONDITIONS,,A,DAYLIGHT,37.808216,-122.241036,,,,,A,NO PEDESTRIANS INVOLVED,9/18/2021 6:14:00 PM,A,VC 22350,False,,I-580 W/B,,,9/23/2021 12:00:00 AM,A,E,200.0,LAKE PARK AVE,F,,D,9/23/2021 4:29:21 PM,9/23/2021 4:29:21 PM,False,True,4,,,,,,,
1578320,9370-2021-11309,1,False,9370,9/15/2021 3:00:00 PM,1500,177,14,109,Oakland,1,True,True,C,REAR END,,Wednesday,NotApplicable,False,M,,False,True,False,ALAMEDA SUPERIOR COURT WILEY W. MANUEL COURTHOUSE,C,OTHER MOTOR VEHICLE,,0,0,CLEAR,,NO UNUSUAL CONDITIONS,,A,DAYLIGHT,37.792545,-122.262969,,,,,A,NO PEDESTRIANS INVOLVED,9/15/2021 3:00:00 PM,A,VC 22350,False,,I-880 S/B,,,9/23/2021 12:00:00 AM,A,N,1000.0,5TH ST,F,,D,9/23/2021 3:58:43 PM,9/23/2021 3:58:43 PM,False,True,4,,,,,,,