collision-id,report-number,report-version,is-preliminary,ncic-code,crash-date-time,crash-time-description,beat,city-id,city-code,city-name,county-code,city-is-active,city-is-incorporated,collision-type-code,collision-type-description,collision-type-other-desc,day-of-week,dispatch-notified,has-photographs,hit-run,is-attachments-mailed,is-deleted,is-highway-related,is-tow-away,judicial-district,motor-vehicle-involved-with-code,motor-vehicle-involved-with-desc,motor-vehicle-involved-with-other-desc,number-injured,number-killed,weather-1,weather-2,road-condition-1,road-condition-2,special-condition-lighting-code,lighting-description,latitude,longitude,milepost-direction,milepost-distance,milepost-marker,milepost-unit-of-measure,pedestrian-action-code,pedestrian-action-desc,prepared-date,primary-collision-factor-code,primary-collision-factor-violation,primary-collision-factor-is-cited,primary-collision-party-number,primary-road,reporting-district,reporting-district-code,reviewed-date,roadway-surface-code,secondary-direction,secondary-distance,secondary-road,secondary-unit-of-measure,sketch-desc,traffic-control-device-code,created-date,modified-date,is-county-road,is-freeway,chp-555-version,is-additonal-object-struck,notification-date,notification-time-description,has-digital-media-files,evidence-number,is-location-refer-to-narrative,is-aoi-one-same-as-location
2809447,21-005875,2,False,0109,2/6/2021 12:14:00 PM,1214,02X,14,109,Oakland,1,True,True,B,SIDE SWIPE,,Saturday,,,,,False,False,False,,C,OTHER MOTOR VEHICLE,,1,0,CLEAR,,NO UNUSUAL CONDITIONS - NO UNUSUAL CONDITIONS,,A,DAYLIGHT,,,,,,,A,NO PEDESTRIANS INVOLVED,,A,22107,,1,5TH ST,1,,,A,,,MARKET ST,,,A,7/29/2024 9:38:15 AM,1/29/2025 11:15:51 AM,,,2,,,,,,,
2809446,21-010975,2,False,0109,3/9/2021 9:30:00 AM,930,33X,14,109,Oakland,1,True,True,B,SIDE SWIPE,,Tuesday,,,,,False,False,False,,E,PARKED MOTOR VEHICLE,,1,0,CLEAR,,NO UNUSUAL CONDITIONS - NO UNUSUAL CONDITIONS,,A,DAYLIGHT,,,,,,,A,NO PEDESTRIANS INVOLVED,,A,22106,,1,82ND AV,2,,,A,S,50.0,INTERNATIONAL BL,F,,D,7/29/2024 9:38:15 AM,1/29/2025 11:15:51 AM,,,2,,,,,,,
2807984,21-020479,2,False,0109,5/5/2021 10:32:00 AM,1032,32X,14,109,Oakland,1,True,True,A,HEAD-ON,,Wednesday,,,,,False,False,False,,C,OTHER MOTOR VEHICLE,,0,0,CLEAR,,NO UNUSUAL CONDITIONS - NO UNUSUAL CONDITIONS,,A,DAYLIGHT,,,,,,,A,NO PEDESTRIANS INVOLVED,,A,22102,,1,MACARTHUR BL,2,,,A,,,108TH AV,,,D,7/29/2024 9:37:09 AM,1/29/2025 11:14:07 AM,,,2,,,,,,,
2807042,21-018449,2,False,0109,4/22/2021 8:30:00 PM,2030,27X,14,109,Oakland,1,True,True,A,HEAD-ON,,Thursday,,,M,,False,False,False,,B,PEDESTRIAN,,1,0,CLEAR,,NO UNUSUAL CONDITIONS - NO UNUSUAL CONDITIONS,,C,DARK-STREET LIGHTS,,,,,,,D,CROSSING - NOT IN CROSSWALK,,A,22350,,1,YGANIO AV,2,,,A,,,47TH AV,,,D,7/29/2024 9:36:25 AM,1/29/2025 11:12:58 AM,,,2,,,,,,,
2807041,21-018744,2,False,0109,4/24/2021 3:07:00 PM,1507,29X,14,109,Oakland,1,True,True,D,BROADSIDE,,Saturday,,,M,,False,False,False,,C,OTHER MOTOR VEHICLE,,1,0,CLEAR,,NO UNUSUAL CONDITIONS - NO UNUSUAL CONDITIONS,,A,DAYLIGHT,,,,,,,A,NO PEDESTRIANS INVOLVED,,A,21453A,,1,57TH AV,2,,,A,,,BANCROFT AV,,,A,7/29/2024 9:36:25 AM,1/29/2025 11:12:58 AM,,,2,,,,,,,
2807040,21-018849,2,False,0109,4/25/2021 10:15:00 AM,1015,33X,14,109,Oakland,1,True,True,D,BROADSIDE,,Sunday,,,M,,False,False,False,,C,OTHER MOTOR VEHICLE,,1,0,CLEAR,,NO UNUSUAL CONDITIONS - NO UNUSUAL CONDITIONS,,A,DAYLIGHT,,,,,,,A,NO PEDESTRIANS INVOLVED,,A,22450A,,1,92ND AV,2,,,A,,,A ST,,,D,7/29/2024 9:36:25 AM,1/29/2025 11:12:58 AM,,,2,,,,,,,
2807039,21-019237,2,False,0109,4/27/2021 7:42:00 PM,1942,05X,14,109,Oakland,1,True,True,D,BROADSIDE,,Tuesday,,,M,,False,False,True,,C,OTHER MOTOR VEHICLE,,1,0,CLEAR,,NO UNUSUAL CONDITIONS - NO UNUSUAL CONDITIONS,,B,DUSK-DAWN,,,,,,,A,NO PEDESTRIANS INVOLVED,,A,21801A,,1,18TH ST,1,,,A,,,MARKET ST,,,A,7/29/2024 9:36:25 AM,1/29/2025 11:12:58 AM,,,2,,,,,,,
2807038,21-016968,2,False,0109,4/14/2021 3:45:00 AM,345,32X,14,109,Oakland,1,True,True,A,HEAD-ON,,Wednesday,,,F,,False,False,True,,I,FIXED OBJECT,,1,0,CLEAR,,NO UNUSUAL CONDITIONS - NO UNUSUAL CONDITIONS,,C,DARK-STREET LIGHTS,,,,,,,A,NO PEDESTRIANS INVOLVED,,A,22107,,1,MACARTHUR BL,2,,,A,W,2.0,FOOTHILL BL,F,,A,7/29/2024 9:36:25 AM,1/29/2025 11:12:58 AM,,,2,,,,,,,
2807037,21-019048,2,False,0109,4/26/2021 3:06:00 PM,1506,20X,14,109,Oakland,1,True,True,C,REAR END,,Monday,,,M,,False,False,False,,C,OTHER MOTOR VEHICLE,,2,0,CLEAR,,NO UNUSUAL CONDITIONS - NO UNUSUAL CONDITIONS,,A,DAYLIGHT,,,,,,,A,NO PEDESTRIANS INVOLVED,,A,22350,,1,23RD AV,1,,,A,S,20.0,E 11TH ST,F,,A,7/29/2024 9:36:25 AM,1/29/2025 11:12:58 AM,,,2,,,,,,,
2807036,21-019260,2,False,0109,4/27/2021 10:46:00 PM,2246,20X,14,109,Oakland,1,True,True,C,REAR END,,Tuesday,,,,,False,False,False,,C,OTHER MOTOR VEHICLE,,1,0,CLEAR,,NO UNUSUAL CONDITIONS - NO UNUSUAL CONDITIONS,,C,DARK-STREET LIGHTS,,,,,,,A,NO PEDESTRIANS INVOLVED,,A,22350,,1,29TH AV,1,,,A,,,E 12TH ST,,,A,7/29/2024 9:36:25 AM,1/29/2025 11:12:58 AM,,,2,,,,,,,
2807035,21-019258,2,False,0109,4/27/2021 10:53:00 PM,2253,11X,14,109,Oakland,1,True,True,D,BROADSIDE,,Tuesday,,,,,False,False,True,,E,PARKED MOTOR VEHICLE,,1,0,CLEAR,,NO UNUSUAL CONDITIONS - NO UNUSUAL CONDITIONS,,C,DARK-STREET LIGHTS,,,,,,,A,NO PEDESTRIANS INVOLVED,,A,22107,,1,SHATTUCK AV,1,,,A,N,60.0,55TH ST,F,,A,7/29/2024 9:36:25 AM,1/29/2025 11:12:57 AM,,,2,,,,,,,
2807034,21-018750,2,False,0109,4/24/2021 3:33:00 PM,1533,02X,14,109,Oakland,1,True,True,D,BROADSIDE,,Saturday,,,,,False,False,True,,D,MOTOR VEHICLE ON OTHER ROADWAY,,1,0,CLEAR,,NO UNUSUAL CONDITIONS - NO UNUSUAL CONDITIONS,,A,DAYLIGHT,,,,,,,A,NO PEDESTRIANS INVOLVED,,A,22450A,,1,5TH ST,1,,,A,,,CASTRO ST,,,A,7/29/2024 9:36:25 AM,1/29/2025 11:12:58 AM,,,2,,,,,,,
2807033,21-019045,2,False,0109,4/26/2021 3:04:00 PM,1504,06X,14,109,Oakland,1,True,True,D,BROADSIDE,,Monday,,,,,False,False,False,,G,BICYCLE,,1,0,CLEAR,,NO UNUSUAL CONDITIONS - NO UNUSUAL CONDITIONS,,A,DAYLIGHT,,,,,,,A,NO PEDESTRIANS INVOLVED,,A,21453A,,1,35TH ST,1,,,A,,,WEST ST,,,A,7/29/2024 9:36:25 AM,1/29/2025 11:12:58 AM,,,2,,,,,,,
2807032,21-019198,2,False,0109,4/27/2021 3:30:00 PM,1530,31X,14,109,Oakland,1,True,True,B,SIDE SWIPE,,Tuesday,,,,,False,False,False,,,,,1,0,CLEAR,,NO UNUSUAL CONDITIONS - NO UNUSUAL CONDITIONS,,A,DAYLIGHT,,,,,,,A,NO PEDESTRIANS INVOLVED,,A,22107,,1,HEGENBERGER RD,2,,,A,S,10.0,EDES AV,F,,A,7/29/2024 9:36:25 AM,1/29/2025 11:12:58 AM,,,2,,,,,,,
2807031,21-019358,2,False,0109,4/28/2021 1:00:00 PM,1300,34X,14,109,Oakland,1,True,True,D,BROADSIDE,,Wednesday,,,,,False,False,False,,C,OTHER MOTOR VEHICLE,,2,0,CLEAR,,NO UNUSUAL CONDITIONS - NO UNUSUAL CONDITIONS,,A,DAYLIGHT,,,,,,,A,NO PEDESTRIANS INVOLVED,,A,21453A,,1,BANCROFT AV,2,,,A,,,90TH AV,,,A,7/29/2024 9:36:25 AM,1/29/2025 11:12:57 AM,,,2,,,,,,,
2807030,21-016519,2,False,0109,4/11/2021 11:59:00 AM,1159,26X,14,109,Oakland,1,True,True,B,SIDE SWIPE,,Sunday,,,,,False,False,False,,C,OTHER MOTOR VEHICLE,,2,0,CLEAR,,NO UNUSUAL CONDITIONS - NO UNUSUAL CONDITIONS,,A,DAYLIGHT,,,,,,,A,NO PEDESTRIANS INVOLVED,,A,22350,,1,INTERNATIONAL BL,2,,,A,E,10.0,46TH AV,F,,A,7/29/2024 9:36:25 AM,1/29/2025 11:12:58 AM,,,2,,,,,,,
2807029,21-017746,2,False,0109,4/19/2021 8:47:00 AM,847,03Y,14,109,Oakland,1,True,True,D,BROADSIDE,,Monday,,,,,False,False,True,,,,,1,0,CLOUDY,,NO UNUSUAL CONDITIONS - NO UNUSUAL CONDITIONS,,A,DAYLIGHT,,,,,,,A,NO PEDESTRIANS INVOLVED,,A,21453A,,,7TH ST,1,,,A,,,OAK ST,,,A,7/29/2024 9:36:24 AM,1/29/2025 11:12:58 AM,,,2,,,,,,,
2807028,21-017827,2,False,0109,4/19/2021 6:02:00 PM,1802,03X,14,109,Oakland,1,True,True,D,BROADSIDE,,Monday,,,,,False,False,False,,C,OTHER MOTOR VEHICLE,,1,0,CLEAR,,NO UNUSUAL CONDITIONS - NO UNUSUAL CONDITIONS,,A,DAYLIGHT,,,,,,,A,NO PEDESTRIANS INVOLVED,,A,21453A,,1,14TH ST,1,,,A,,,HARRISON ST,,,A,7/29/2024 9:36:24 AM,1/29/2025 11:12:58 AM,,,2,,,,,,,
2805884,21-017475,2,False,0109,4/17/2021 11:05:00 AM,1105,30X,14,109,Oakland,1,True,True,E,HIT OBJECT,,Saturday,,,M,,False,False,False,,,,,0,0,CLEAR,,NO UNUSUAL CONDITIONS - NO UNUSUAL CONDITIONS,,A,DAYLIGHT,,,,,,,A,NO PEDESTRIANS INVOLVED,,A,22107,,1,76TH AV,2,,,A,,,BANCROFT AV,,,D,7/29/2024 9:35:35 AM,1/29/2025 11:11:36 AM,,,2,,,,,,,
2805883,21-017740,2,False,0109,4/19/2021 8:26:00 AM,826,33X,14,109,Oakland,1,True,True,D,BROADSIDE,,Monday,,,M,,False,False,False,,C,OTHER MOTOR VEHICLE,,0,0,CLOUDY,,NO UNUSUAL CONDITIONS - NO UNUSUAL CONDITIONS,,A,DAYLIGHT,,,,,,,A,NO PEDESTRIANS INVOLVED,,A,22450A,,1,85 AV,2,,,A,,,D ST,,,A,7/29/2024 9:35:35 AM,1/29/2025 11:11:36 AM,,,2,,,,,,,
2805882,21-015422,2,False,0109,4/5/2021 4:53:00 AM,453,05Y,14,109,Oakland,1,True,True,D,BROADSIDE,,Monday,,,,,False,False,True,,C,OTHER MOTOR VEHICLE,,0,0,CLEAR,,NO UNUSUAL CONDITIONS - NO UNUSUAL CONDITIONS,,C,DARK-STREET LIGHTS,,,,,,,A,NO PEDESTRIANS INVOLVED,,A,21801A,,1,W GRAND AV,1,,,A,,,MANDELA PKWY,,,A,7/29/2024 9:35:35 AM,1/29/2025 11:11:36 AM,,,2,,,,,,,
2805881,21-019219,2,False,0109,4/27/2021 5:10:00 PM,1710,05Y,14,109,Oakland,1,True,True,B,SIDE SWIPE,,Tuesday,,,,,False,False,False,,C,OTHER MOTOR VEHICLE,,0,0,CLEAR,,OTHER* - OTHER*,,A,DAYLIGHT,,,,,,,A,NO PEDESTRIANS INVOLVED,,A,22107,,1,W GRAND AV,1,,,A,,,MANDELA PKWY,,,A,7/29/2024 9:35:35 AM,1/29/2025 11:11:36 AM,,,2,,,,,,,
2805880,21-017051,2,False,0109,4/14/2021 3:56:00 PM,1556,31Y,14,109,Oakland,1,True,True,A,HEAD-ON,,Wednesday,,,,,False,False,True,,C,OTHER MOTOR VEHICLE,,0,0,CLEAR,,NO UNUSUAL CONDITIONS - NO UNUSUAL CONDITIONS,,A,DAYLIGHT,,,,,,,A,NO PEDESTRIANS INVOLVED,,A,21460A,,1,EDES AV,2,,,A,W,200.0,RT 880,F,,D,7/29/2024 9:35:35 AM,1/29/2025 11:11:35 AM,,,2,,,,,,,
2805879,21-018331,2,False,0109,4/22/2021 12:49:00 PM,1249,26X,14,109,Oakland,1,True,True,D,BROADSIDE,,Thursday,,,,,False,False,False,,C,OTHER MOTOR VEHICLE,,0,0,CLEAR,,NO UNUSUAL CONDITIONS - NO UNUSUAL CONDITIONS,,A,DAYLIGHT,,,,,,,A,NO PEDESTRIANS INVOLVED,,A,21800A,,1,HIGH ST,2,,,A,S,50.0,INTERNATIONAL BL,F,,A,7/29/2024 9:35:35 AM,1/29/2025 11:11:36 AM,,,2,,,,,,,
2805878,21-019396,2,False,0109,4/28/2021 6:10:00 PM,1810,14X,14,109,Oakland,1,True,True,B,SIDE SWIPE,,Wednesday,,,,,False,False,False,,E,PARKED MOTOR VEHICLE,,0,0,CLEAR,,NO UNUSUAL CONDITIONS - NO UNUSUAL CONDITIONS,,A,DAYLIGHT,,,,,,,A,NO PEDESTRIANS INVOLVED,,A,22107,,1,ADAMS ST,1,,,A,N,90.0,PERKINS ST,F,,D,7/29/2024 9:35:35 AM,1/29/2025 11:11:36 AM,,,2,,,,,,,
2805877,21-018867,2,False,0109,4/25/2021 1:00:00 PM,1300,08X,14,109,Oakland,1,True,True,B,SIDE SWIPE,,Sunday,,,,,False,False,False,,C,OTHER MOTOR VEHICLE,,0,0,RAINING,,NO UNUSUAL CONDITIONS - NO UNUSUAL CONDITIONS,,B,DUSK-DAWN,,,,,,,A,NO PEDESTRIANS INVOLVED,,A,22107,,1,TELEGRAPH AV,1,,,B,,,37TH ST,,,D,7/29/2024 9:35:35 AM,1/29/2025 11:11:35 AM,,,2,,,,,,,
2805876,21-019250,2,False,0109,4/27/2021 8:26:00 PM,2026,20X,14,109,Oakland,1,True,True,C,REAR END,,Tuesday,,,M,,False,False,True,,C,OTHER MOTOR VEHICLE,,0,0,CLEAR,,NO UNUSUAL CONDITIONS - NO UNUSUAL CONDITIONS,,C,DARK-STREET LIGHTS,,,,,,,A,NO PEDESTRIANS INVOLVED,,A,22350,,1,E 16TH ST,1,,,A,E,100.0,26TH AV,F,,D,7/29/2024 9:35:35 AM,1/29/2025 11:11:35 AM,,,2,,,,,,,
2805875,21-018940,2,False,0109,4/26/2021 11:42:00 PM,2342,17X,14,109,Oakland,1,True,True,B,SIDE SWIPE,,Monday,,,M,,False,False,False,,E,PARKED MOTOR VEHICLE,,0,0,CLEAR,,NO UNUSUAL CONDITIONS - NO UNUSUAL CONDITIONS,,C,DARK-STREET LIGHTS,,,,,,,A,NO PEDESTRIANS INVOLVED,,A,22107,,1,E 33RD ST,1,,,A,W,200.0,ELLIOT ST,F,,D,7/29/2024 9:35:35 AM,1/29/2025 11:11:35 AM,,,2,,,,,,,
2805874,21-019032,2,False,0109,4/26/2021 1:37:00 PM,1337,35X,14,109,Oakland,1,True,True,D,BROADSIDE,,Monday,,,,,False,False,False,,C,OTHER MOTOR VEHICLE,,0,0,CLEAR,,NO UNUSUAL CONDITIONS - NO UNUSUAL CONDITIONS,,A,DAYLIGHT,,,,,,,A,NO PEDESTRIANS INVOLVED,,A,21453A,,1,BANCROFT,2,,,A,,,82ND AV,,,A,7/29/2024 9:35:35 AM,1/29/2025 11:11:35 AM,,,2,,,,,,,
2805873,21-019069,2,False,0109,4/26/2021 6:49:00 PM,1849,31X,14,109,Oakland,1,True,True,C,REAR END,,Monday,,,M,,False,False,False,,E,PARKED MOTOR VEHICLE,,0,0,CLEAR,,NO UNUSUAL CONDITIONS - NO UNUSUAL CONDITIONS,,A,DAYLIGHT,,,,,,,A,NO PEDESTRIANS INVOLVED,,A,22350,,1,98TH AV,2,,,A,S,150.0,EDES AV,F,,A,7/29/2024 9:35:35 AM,1/29/2025 11:11:35 AM,,,2,,,,,,,
2805872,21-018879,2,False,0109,4/25/2021 2:50:00 PM,1450,30X,14,109,Oakland,1,True,True,C,REAR END,,Sunday,,,M,,False,False,False,,C,OTHER MOTOR VEHICLE,,0,0,CLOUDY,,NO UNUSUAL CONDITIONS - NO UNUSUAL CONDITIONS,,A,DAYLIGHT,,,,,,,A,NO PEDESTRIANS INVOLVED,,A,22107,,1,BANCROFT AV,2,,,A,N,15.0,RITCHIE ST,F,,A,7/29/2024 9:35:35 AM,1/29/2025 11:11:35 AM,,,2,,,,,,,
2805871,21-017566,2,False,0109,4/18/2021 1:32:00 AM,132,02X,14,109,Oakland,1,True,True,D,BROADSIDE,,Sunday,,,M,,False,False,False,,C,OTHER MOTOR VEHICLE,,0,0,CLEAR,,NO UNUSUAL CONDITIONS - NO UNUSUAL CONDITIONS,,C,DARK-STREET LIGHTS,,,,,,,A,NO PEDESTRIANS INVOLVED,,A,21453A,,1,14TH ST,1,,,A,,,MARKET ST,,,A,7/29/2024 9:35:35 AM,1/29/2025 11:11:35 AM,,,2,,,,,,,
2805870,21-019131,2,False,0109,4/27/2021 8:14:00 AM,814,26X,14,109,Oakland,1,True,True,E,HIT OBJECT,,Tuesday,,,M,,False,False,False,,I,FIXED OBJECT,,0,0,CLEAR,,NO UNUSUAL CONDITIONS - NO UNUSUAL CONDITIONS,,A,DAYLIGHT,,,,,,,A,NO PEDESTRIANS INVOLVED,,A,22107,,1,SAN LEANDRO ST,2,,,A,,,75TH AV,,,A,7/29/2024 9:35:35 AM,1/29/2025 11:11:35 AM,,,2,,,,,,,
2805869,21-017709,2,False,0109,4/18/2021 5:56:00 AM,556,05X,14,109,Oakland,1,True,True,A,HEAD-ON,,Sunday,,,M,,False,False,True,,I,FIXED OBJECT,,0,0,CLEAR,,NO UNUSUAL CONDITIONS - NO UNUSUAL CONDITIONS,,B,DUSK-DAWN,,,,,,,A,NO PEDESTRIANS INVOLVED,,A,22107,,1,CHESTNUT ST,1,,,A,N,10.0,18TH ST,F,,D,7/29/2024 9:35:35 AM,1/29/2025 11:11:35 AM,,,2,,,,,,,
2805868,21-018474,2,False,0109,4/23/2021 6:39:00 PM,1839,35Y,14,109,Oakland,1,True,True,B,SIDE SWIPE,,Friday,,,M,,False,False,False,,C,OTHER MOTOR VEHICLE,,0,0,CLEAR,,NO UNUSUAL CONDITIONS - NO UNUSUAL CONDITIONS,,B,DUSK-DAWN,,,,,,,A,NO PEDESTRIANS INVOLVED,,A,22107,,1,SKYLINE,2,,,A,W,1800.0,GRASS VALLEY RD,F,,D,7/29/2024 9:35:35 AM,1/29/2025 11:11:35 AM,,,2,,,,,,,
2805867,21-018731,2,False,0109,4/24/2021 1:03:00 PM,1303,04X,14,109,Oakland,1,True,True,D,BROADSIDE,,Saturday,,,M,,False,False,False,,C,OTHER MOTOR VEHICLE,,0,0,CLEAR,,NO UNUSUAL CONDITIONS - NO UNUSUAL CONDITIONS,,A,DAYLIGHT,,,,,,,A,NO PEDESTRIANS INVOLVED,,A,21453A,,1,17TH ST,1,,,A,,,CASTRO ST,,,A,7/29/2024 9:35:35 AM,1/29/2025 11:11:35 AM,,,2,,,,,,,
2805866,21-017815,2,False,0109,4/19/2021 4:46:00 PM,1646,06X,14,109,Oakland,1,True,True,D,BROADSIDE,,Monday,,,,,False,False,False,,,,,0,0,CLEAR,,NO UNUSUAL CONDITIONS - NO UNUSUAL CONDITIONS,,A,DAYLIGHT,,,,,,,A,NO PEDESTRIANS INVOLVED,,A,21453A,,1,WEST ST,1,,,A,,,36TH ST,,,A,7/29/2024 9:35:35 AM,1/29/2025 11:11:35 AM,,,2,,,,,,,
2805865,21-018761,2,False,0109,4/24/2021 4:46:00 PM,1646,12X,14,109,Oakland,1,True,True,A,HEAD-ON,,Saturday,,,,,False,False,False,,I,FIXED OBJECT,,0,0,CLEAR,CLOUDY,NO UNUSUAL CONDITIONS - NO UNUSUAL CONDITIONS,,A,DAYLIGHT,,,,,,,A,NO PEDESTRIANS INVOLVED,,A,22107,,1,BROADWAY,1,,,A,N,3.0,ADA ST,F,,D,7/29/2024 9:35:35 AM,1/29/2025 11:11:35 AM,,,2,,,,,,,
2805864,21-018729,2,False,0109,4/24/2021 12:38:00 PM,1238,03X,14,109,Oakland,1,True,True,C,REAR END,,Saturday,,,,,False,False,False,,C,OTHER MOTOR VEHICLE,,0,0,CLEAR,,NO UNUSUAL CONDITIONS - NO UNUSUAL CONDITIONS,,A,DAYLIGHT,,,,,,,A,NO PEDESTRIANS INVOLVED,,A,22350,,1,BROADWAY,1,,,A,S,10.0,9TH,F,,A,7/29/2024 9:35:35 AM,1/29/2025 11:11:35 AM,,,2,,,,,,,
2805863,21-018794,2,False,0109,4/24/2021 9:58:00 PM,2158,26X,14,109,Oakland,1,True,True,B,SIDE SWIPE,,Saturday,,,M,,False,False,False,,,,,0,0,CLEAR,,NO UNUSUAL CONDITIONS - NO UNUSUAL CONDITIONS,,C,DARK-STREET LIGHTS,,,,,,,A,NO PEDESTRIANS INVOLVED,,A,22107,,1,62ND AV,2,,,B,S,525.0,INTERNATIONAL BL,F,,D,7/29/2024 9:35:35 AM,1/29/2025 11:11:35 AM,,,2,,,,,,,
2805862,21-018456,2,False,0109,4/23/2021 4:37:00 AM,437,24X,14,109,Oakland,1,True,True,B,SIDE SWIPE,,Friday,,,,,False,False,False,,E,PARKED MOTOR VEHICLE,,0,0,CLEAR,,NO UNUSUAL CONDITIONS - NO UNUSUAL CONDITIONS,,C,DARK-STREET LIGHTS,,,,,,,A,NO PEDESTRIANS INVOLVED,,A,22107,,1,38TH AV,2,,,A,S,35.0,SAN JUAN ST,F,,D,7/29/2024 9:35:35 AM,1/29/2025 11:11:35 AM,,,2,,,,,,,
2805861,21-018623,2,False,0109,4/24/2021 3:48:00 AM,348,23X,14,109,Oakland,1,True,True,B,SIDE SWIPE,,Saturday,,,M,,False,False,False,,E,PARKED MOTOR VEHICLE,,0,0,CLEAR,,NO UNUSUAL CONDITIONS - NO UNUSUAL CONDITIONS,,B,DUSK-DAWN,,,,,,,A,NO PEDESTRIANS INVOLVED,,A,22107,,1,34TH AV,2,,,A,N,30.0,E 17TH ST,F,,D,7/29/2024 9:35:35 AM,1/29/2025 11:11:35 AM,,,2,,,,,,,
2805860,21-015730,2,False,0109,4/6/2021 11:00:00 PM,2300,19X,14,109,Oakland,1,True,True,A,HEAD-ON,,Tuesday,,,F,,False,False,False,,C,OTHER MOTOR VEHICLE,,0,0,CLOUDY,,NO UNUSUAL CONDITIONS - NO UNUSUAL CONDITIONS,,C,DARK-STREET LIGHTS,,,,,,,A,NO PEDESTRIANS INVOLVED,,A,22107,,1,16TH AV,1,,,A,S,15.0,INTERNATIONAL BL,F,,A,7/29/2024 9:35:34 AM,1/29/2025 11:11:35 AM,,,2,,,,,,,
2805859,21-015754,2,False,0109,4/7/2021 3:41:00 AM,341,19X,14,109,Oakland,1,True,True,B,SIDE SWIPE,,Wednesday,,,F,,False,False,False,,E,PARKED MOTOR VEHICLE,,0,0,,,,,C,DARK-STREET LIGHTS,,,,,,,A,NO PEDESTRIANS INVOLVED,,A,22350,,1,18TH AV,1,,,A,N,60.0,12TH ST,F,,D,7/29/2024 9:35:34 AM,1/29/2025 11:11:34 AM,,,2,,,,,,,
2805858,21-015968,2,False,0109,4/8/2021 9:42:00 AM,942,04X,14,109,Oakland,1,True,True,B,SIDE SWIPE,,Thursday,,,M,,False,False,False,,E,PARKED MOTOR VEHICLE,,0,0,CLEAR,,,,A,DAYLIGHT,,,,,,,A,NO PEDESTRIANS INVOLVED,,A,22350,,1,22ND ST,1,,,A,W,50.0,TELEGRAPH AV,F,,D,7/29/2024 9:35:34 AM,1/29/2025 11:11:35 AM,,,2,,,,,,,
2805857,21-018054,2,False,0109,4/20/2021 11:20:00 PM,2320,13X,14,109,Oakland,1,True,True,A,HEAD-ON,,Tuesday,,,M,,False,False,True,,I,FIXED OBJECT,,0,0,CLEAR,,NO UNUSUAL CONDITIONS - NO UNUSUAL CONDITIONS,,C,DARK-STREET LIGHTS,,,,,,,A,NO PEDESTRIANS INVOLVED,,A,22107,,1,MORAGA,1,,,A,,,THORNHILL,,,A,7/29/2024 9:35:34 AM,1/29/2025 11:11:34 AM,,,2,,,,,,,
2805856,21-018037,2,False,0109,4/20/2021 9:34:00 PM,2134,34X,14,109,Oakland,1,True,True,B,SIDE SWIPE,,Tuesday,,,M,,False,False,False,,C,OTHER MOTOR VEHICLE,,0,0,CLEAR,,,,C,DARK-STREET LIGHTS,,,,,,,A,NO PEDESTRIANS INVOLVED,,A,21209A,,1,90TH AV,2,,,A,,,BANCROFT AV,,,A,7/29/2024 9:35:34 AM,1/29/2025 11:11:34 AM,,,2,,,,,,,
2805855,21-018018,2,False,0109,4/20/2021 6:09:00 PM,1809,17X,14,109,Oakland,1,True,True,B,SIDE SWIPE,,Tuesday,,,M,,False,False,True,,E,PARKED MOTOR VEHICLE,,0,0,CLEAR,,NO UNUSUAL CONDITIONS - NO UNUSUAL CONDITIONS,,A,DAYLIGHT,,,,,,,A,NO PEDESTRIANS INVOLVED,,A,22107,,1,14TH AV,1,,,A,S,100.0,E 18TH ST,F,,D,7/29/2024 9:35:34 AM,1/29/2025 11:11:34 AM,,,2,,,,,,,
2805854,21-018022,2,False,0109,4/18/2021 11:16:00 AM,1116,32X,14,109,Oakland,1,True,True,B,SIDE SWIPE,,Sunday,,,M,,False,False,False,,E,PARKED MOTOR VEHICLE,,0,0,CLEAR,,NO UNUSUAL CONDITIONS - NO UNUSUAL CONDITIONS,,A,DAYLIGHT,,,,,,,A,NO PEDESTRIANS INVOLVED,,A,22107,,1,WALNUT ST,2,,,A,E,36.0,103RD AV,F,,D,7/29/2024 9:35:34 AM,1/29/2025 11:11:34 AM,,,2,,,,,,,
2805853,21-018073,2,False,0109,4/21/2021 2:23:00 AM,223,18Y,14,109,Oakland,1,True,True,C,REAR END,,Wednesday,,,M,,False,False,False,,E,PARKED MOTOR VEHICLE,,0,0,CLEAR,,NO UNUSUAL CONDITIONS - NO UNUSUAL CONDITIONS,,C,DARK-STREET LIGHTS,,,,,,,A,NO PEDESTRIANS INVOLVED,,A,22107,,1,E 33RD ST,1,,,A,E,30.0,14TH AV,F,,D,7/29/2024 9:35:34 AM,1/29/2025 11:11:34 AM,,,2,,,,,,,
2805852,21-018305,2,False,0109,4/21/2021 11:30:00 PM,2330,06X,14,109,Oakland,1,True,True,E,HIT OBJECT,,Wednesday,,,M,,False,False,False,,I,FIXED OBJECT,,0,0,CLEAR,,NO UNUSUAL CONDITIONS - NO UNUSUAL CONDITIONS,,D,DARK-NO STREET LIGHTS,,,,,,,A,NO PEDESTRIANS INVOLVED,,A,21663,,1,APGAR ST,1,,,A,E,0.1,WEST ST,M,,D,7/29/2024 9:35:34 AM,1/29/2025 11:11:34 AM,,,2,,,,,,,
2805851,21-018616,2,False,0109,4/24/2021 1:44:00 AM,144,19X,14,109,Oakland,1,True,True,E,HIT OBJECT,,Saturday,,,,,False,False,True,,I,FIXED OBJECT,,0,0,RAINING,,NO UNUSUAL CONDITIONS - NO UNUSUAL CONDITIONS,,C,DARK-STREET LIGHTS,,,,,,,A,NO PEDESTRIANS INVOLVED,,A,22107,,1,INTERNATIONAL BL,1,,,B,,,1ST AV,,,A,7/29/2024 9:35:34 AM,1/29/2025 11:11:34 AM,,,2,,,,,,,
2805850,21-018222,2,False,0109,4/21/2021 6:39:00 PM,1839,27X,14,109,Oakland,1,True,True,D,BROADSIDE,,Wednesday,,,,,False,False,True,,E,PARKED MOTOR VEHICLE,,0,0,CLOUDY,,NO UNUSUAL CONDITIONS - NO UNUSUAL CONDITIONS,,A,DAYLIGHT,,,,,,,A,NO PEDESTRIANS INVOLVED,,A,22107,,1,SEMINARY AV,2,,,A,N,120.0,HARMON,F,,A,7/29/2024 9:35:34 AM,1/29/2025 11:11:34 AM,,,2,,,,,,,