collision-id,report-number,report-version,is-preliminary,ncic-code,crash-date-time,crash-time-description,beat,city-id,city-code,city-name,county-code,city-is-active,city-is-incorporated,collision-type-code,collision-type-description,collision-type-other-desc,day-of-week,dispatch-notified,has-photographs,hit-run,is-attachments-mailed,is-deleted,is-highway-related,is-tow-away,judicial-district,motor-vehicle-involved-with-code,motor-vehicle-involved-with-desc,motor-vehicle-involved-with-other-desc,number-injured,number-killed,weather-1,weather-2,road-condition-1,road-condition-2,special-condition-lighting-code,lighting-description,latitude,longitude,milepost-direction,milepost-distance,milepost-marker,milepost-unit-of-measure,pedestrian-action-code,pedestrian-action-desc,prepared-date,primary-collision-factor-code,primary-collision-factor-violation,primary-collision-factor-is-cited,primary-collision-party-number,primary-road,reporting-district,reporting-district-code,reviewed-date,roadway-surface-code,secondary-direction,secondary-distance,secondary-road,secondary-unit-of-measure,sketch-desc,traffic-control-device-code,created-date,modified-date,is-county-road,is-freeway,chp-555-version,is-additonal-object-struck,notification-date,notification-time-description,has-digital-media-files,evidence-number,is-location-refer-to-narrative,is-aoi-one-same-as-location
2829500,21-010399,2,False,0109,3/5/2021 3:13:00 PM,1513,17Y,14,109,Oakland,1,True,True,D,BROADSIDE,,Friday,,,,,False,False,True,,C,OTHER MOTOR VEHICLE,,2,0,CLEAR,,NO UNUSUAL CONDITIONS - NO UNUSUAL CONDITIONS,,A,DAYLIGHT,,,,,,,A,NO PEDESTRIANS INVOLVED,,A,21453A,,1,BEAUMONT AV,1,,,A,,,MACARTHUR BL,,,A,7/29/2024 9:59:19 AM,1/29/2025 2:34:35 PM,,,2,,,,,,,
2829497,21-008245,2,False,0109,2/20/2021 10:29:00 PM,2229,20X,14,109,Oakland,1,True,True,G,VEHICLE/PEDESTRAIN,,Saturday,,,M,,False,False,False,,B,PEDESTRIAN,,1,0,CLEAR,,NO UNUSUAL CONDITIONS - NO UNUSUAL CONDITIONS,,C,DARK-STREET LIGHTS,,,,,,,D,CROSSING - NOT IN CROSSWALK,,D,,,1,INTERNATIONAL BL,1,,,A,E,20.0,23RD,F,,A,7/29/2024 9:59:19 AM,1/29/2025 2:34:35 PM,,,2,,,,,,,
2829496,21-006109,2,False,0109,2/8/2021 12:05:00 AM,5,20X,14,109,Oakland,1,True,True,D,BROADSIDE,,Monday,,,M,,False,False,False,,C,OTHER MOTOR VEHICLE,,1,0,CLEAR,,NO UNUSUAL CONDITIONS - NO UNUSUAL CONDITIONS,,C,DARK-STREET LIGHTS,,,,,,,A,NO PEDESTRIANS INVOLVED,,A,21453A,,1,INTERNATIONAL BL,1,,,A,,,27TH AV,,,A,7/29/2024 9:59:19 AM,1/29/2025 2:34:35 PM,,,2,,,,,,,
2829495,21-007370,2,False,0109,2/15/2021 12:20:00 PM,1220,24Y,14,109,Oakland,1,True,True,C,REAR END,,Monday,,,,,False,False,True,,C,OTHER MOTOR VEHICLE,,1,0,CLOUDY,,NO UNUSUAL CONDITIONS - NO UNUSUAL CONDITIONS,,A,DAYLIGHT,,,,,,,A,NO PEDESTRIANS INVOLVED,,A,22350,,1,HIGH ST,2,,,B,,,SAN CARLOS AV,,,A,7/29/2024 9:59:19 AM,1/29/2025 2:34:35 PM,,,2,,,,,,,
2829494,21-008166,2,False,0109,2/20/2021 10:56:00 AM,1056,19X,14,109,Oakland,1,True,True,C,REAR END,,Saturday,,,,,False,False,False,,C,OTHER MOTOR VEHICLE,,1,0,CLEAR,,NO UNUSUAL CONDITIONS - NO UNUSUAL CONDITIONS,,A,DAYLIGHT,,,,,,,A,NO PEDESTRIANS INVOLVED,,A,22350,,1,INTERNATIONAL BL,1,,,A,E,15.0,2ND AV,F,,A,7/29/2024 9:59:18 AM,1/29/2025 2:34:34 PM,,,2,,,,,,,
2829493,21-008347,2,False,0109,2/21/2021 1:51:00 PM,1351,03Y,14,109,Oakland,1,True,True,D,BROADSIDE,,Sunday,,,,,False,False,False,,C,OTHER MOTOR VEHICLE,,1,0,CLEAR,,NO UNUSUAL CONDITIONS - NO UNUSUAL CONDITIONS,,A,DAYLIGHT,,,,,,,A,NO PEDESTRIANS INVOLVED,,A,21453A,,,7TH ST,1,,,A,,,MARTIN LUTHER KING JR WY,,,A,7/29/2024 9:59:18 AM,1/29/2025 2:34:34 PM,,,2,,,,,,,
2829492,21-008369,2,False,0109,2/21/2021 5:21:00 PM,1721,32X,14,109,Oakland,1,True,True,B,SIDE SWIPE,,Sunday,,,,,False,False,False,,C,OTHER MOTOR VEHICLE,,2,0,CLEAR,,NO UNUSUAL CONDITIONS - NO UNUSUAL CONDITIONS,,A,DAYLIGHT,,,,,,,A,NO PEDESTRIANS INVOLVED,,A,21453A,,1,98TH AV,2,,,A,,,MACARTHUR BL,,,A,7/29/2024 9:59:18 AM,1/29/2025 2:34:34 PM,,,2,,,,,,,
2829491,21-008529,2,False,0109,2/21/2021 2:22:00 PM,1422,04X,14,109,Oakland,1,True,True,B,SIDE SWIPE,,Sunday,,,,,False,False,False,,C,OTHER MOTOR VEHICLE,,3,0,CLEAR,,NO UNUSUAL CONDITIONS - NO UNUSUAL CONDITIONS,,A,DAYLIGHT,,,,,,,A,NO PEDESTRIANS INVOLVED,,A,21801A,,1,14TH ST,1,,,A,,,CASTRO ST,,,A,7/29/2024 9:59:18 AM,1/29/2025 2:34:34 PM,,,2,,,,,,,
2829490,21-006048,2,False,0109,2/7/2021 3:11:00 PM,1511,34X,14,109,Oakland,1,True,True,B,SIDE SWIPE,,Sunday,,,M,,False,False,False,,C,OTHER MOTOR VEHICLE,,1,0,CLEAR,,NO UNUSUAL CONDITIONS - NO UNUSUAL CONDITIONS,,A,DAYLIGHT,,,,,,,A,NO PEDESTRIANS INVOLVED,,A,22350,,1,INTERNATIONAL BL,2,,,A,,,90TH AV,,,A,7/29/2024 9:59:18 AM,1/29/2025 2:34:34 PM,,,2,,,,,,,
2829489,21-008865,2,False,0109,2/24/2021 2:09:00 PM,1409,03X,14,109,Oakland,1,True,True,D,BROADSIDE,,Wednesday,,,,,False,False,False,,C,OTHER MOTOR VEHICLE,,1,0,CLEAR,,NO UNUSUAL CONDITIONS - NO UNUSUAL CONDITIONS,,A,DAYLIGHT,,,,,,,A,NO PEDESTRIANS INVOLVED,,A,21453A,,1,7TH ST,1,,,A,,,MARTIN LUTHER KING JR WY,,,A,7/29/2024 9:59:18 AM,1/29/2025 2:34:34 PM,,,2,,,,,,,
2829488,21-009023,2,False,0109,2/25/2021 3:00:00 PM,1500,28X,14,109,Oakland,1,True,True,D,BROADSIDE,,Thursday,,,M,,False,False,False,,C,OTHER MOTOR VEHICLE,,1,0,CLEAR,,NO UNUSUAL CONDITIONS - NO UNUSUAL CONDITIONS,,A,DAYLIGHT,,,,,,,A,NO PEDESTRIANS INVOLVED,,A,21804A,,1,HIGH ST,2,,,A,,,VIRGINIA AV,,,A,7/29/2024 9:59:18 AM,1/29/2025 2:34:34 PM,,,2,,,,,,,
2829486,21-010727,2,False,0109,3/7/2021 9:00:00 PM,2100,27X,14,109,Oakland,1,True,True,B,SIDE SWIPE,,Sunday,,,M,,False,False,False,,E,PARKED MOTOR VEHICLE,,0,0,CLEAR,,NO UNUSUAL CONDITIONS - NO UNUSUAL CONDITIONS,,C,DARK-STREET LIGHTS,,,,,,,A,NO PEDESTRIANS INVOLVED,,A,22107,,1,FLORA ST,2,,,A,E,10.0,66TH AV,F,,D,7/29/2024 9:59:18 AM,1/29/2025 2:34:34 PM,,,2,,,,,,,
2829485,21-011964,2,False,0109,3/15/2021 8:59:00 AM,859,33X,14,109,Oakland,1,True,True,C,REAR END,,Monday,,,M,,False,False,False,,C,OTHER MOTOR VEHICLE,,0,0,CLEAR,,NO UNUSUAL CONDITIONS - NO UNUSUAL CONDITIONS,,A,DAYLIGHT,,,,,,,A,NO PEDESTRIANS INVOLVED,,A,22350,,1,98TH AV,2,,,A,S,100.0,B ST,F,,A,7/29/2024 9:59:18 AM,1/29/2025 2:34:34 PM,,,2,,,,,,,
2829484,21-010572,2,False,0109,3/6/2021 9:41:00 PM,2141,19X,14,109,Oakland,1,True,True,B,SIDE SWIPE,,Saturday,,,M,,False,False,False,,E,PARKED MOTOR VEHICLE,,0,0,,,,,C,DARK-STREET LIGHTS,,,,,,,A,NO PEDESTRIANS INVOLVED,,A,22107,,1,INTERNATIONAL BL,1,,,A,W,60.0,20TH AV,F,,A,7/29/2024 9:59:18 AM,1/29/2025 2:34:34 PM,,,2,,,,,,,
2829483,21-013794,2,False,0109,3/26/2021 4:30:00 PM,1630,34X,14,109,Oakland,1,True,True,A,HEAD-ON,,Friday,,,M,,False,False,True,,I,FIXED OBJECT,,0,0,CLEAR,,NO UNUSUAL CONDITIONS - NO UNUSUAL CONDITIONS,,A,DAYLIGHT,,,,,,,A,NO PEDESTRIANS INVOLVED,,A,22107,,1,94TH AV,2,,,A,N,3.0,CHERRY,F,,D,7/29/2024 9:59:18 AM,1/29/2025 2:34:34 PM,,,2,,,,,,,
2829482,21-010091,2,False,0109,3/3/2021 3:54:00 PM,1554,31X,14,109,Oakland,1,True,True,D,BROADSIDE,,Wednesday,,,,,False,False,False,,C,OTHER MOTOR VEHICLE,,0,0,CLEAR,,NO UNUSUAL CONDITIONS - NO UNUSUAL CONDITIONS,,A,DAYLIGHT,,,,,,,A,NO PEDESTRIANS INVOLVED,,A,22350,,1,SAN LEANDRO ST,2,,,A,W,390.0,HEGENBERGER RD,F,,A,7/29/2024 9:59:18 AM,1/29/2025 2:34:34 PM,,,2,,,,,,,
2829481,21-010774,2,False,0109,3/8/2021 3:31:00 AM,331,19X,14,109,Oakland,1,True,True,D,BROADSIDE,,Monday,,,M,,False,False,False,,C,OTHER MOTOR VEHICLE,,0,0,CLEAR,,NO UNUSUAL CONDITIONS - NO UNUSUAL CONDITIONS,,C,DARK-STREET LIGHTS,,,,,,,A,NO PEDESTRIANS INVOLVED,,A,21800A,,1,11TH AV,1,,,A,,,INTERNATIONAL BL,,,A,7/29/2024 9:59:18 AM,1/29/2025 2:34:34 PM,,,2,,,,,,,
2829480,21-010954,2,False,0109,3/9/2021 8:25:00 AM,825,35X,14,109,Oakland,1,True,True,A,HEAD-ON,,Tuesday,,,M,,False,False,False,,E,PARKED MOTOR VEHICLE,,0,0,CLEAR,,NO UNUSUAL CONDITIONS - NO UNUSUAL CONDITIONS,,A,DAYLIGHT,,,,,,,A,NO PEDESTRIANS INVOLVED,,A,22107,,1,DOWLING ST,2,,,A,W,5.0,DOWLING ST 8800,F,,A,7/29/2024 9:59:17 AM,1/29/2025 2:34:34 PM,,,2,,,,,,,
2829479,21-011054,2,False,0109,3/9/2021 6:47:00 PM,1847,34X,14,109,Oakland,1,True,True,E,HIT OBJECT,,Tuesday,,,M,,False,False,True,,I,FIXED OBJECT,,0,0,CLOUDY,RAINING,NO UNUSUAL CONDITIONS - NO UNUSUAL CONDITIONS,,C,DARK-STREET LIGHTS,,,,,,,A,NO PEDESTRIANS INVOLVED,,A,22107,,1,HOLLY ST,2,,,B,E,15.0,88TH AV,F,,A,7/29/2024 9:59:17 AM,1/29/2025 2:34:34 PM,,,2,,,,,,,
2829478,21-009701,2,False,0109,3/1/2021 3:09:00 PM,1509,02X,14,109,Oakland,1,True,True,D,BROADSIDE,,Monday,,,,,False,False,False,,C,OTHER MOTOR VEHICLE,,0,0,CLEAR,,NO UNUSUAL CONDITIONS - NO UNUSUAL CONDITIONS,,A,DAYLIGHT,,,,,,,A,NO PEDESTRIANS INVOLVED,,A,21453A,,1,BRUSH ST,1,,,A,,,12TH ST,,,A,7/29/2024 9:59:17 AM,1/29/2025 2:34:34 PM,,,2,,,,,,,
2829477,21-011236,2,False,0109,3/10/2021 9:20:00 PM,2120,27X,14,109,Oakland,1,True,True,B,SIDE SWIPE,,Wednesday,,,M,,False,False,False,,C,OTHER MOTOR VEHICLE,,0,0,RAINING,,NO UNUSUAL CONDITIONS - NO UNUSUAL CONDITIONS,,C,DARK-STREET LIGHTS,,,,,,,A,NO PEDESTRIANS INVOLVED,,A,21453A,,1,FOOTHILL BL,2,,,B,,,55TH AV,,,A,7/29/2024 9:59:17 AM,1/29/2025 2:34:34 PM,,,2,,,,,,,
2829476,21-010664,2,False,0109,3/7/2021 2:12:00 PM,1412,10X,14,109,Oakland,1,True,True,D,BROADSIDE,,Sunday,,,,,False,False,False,,C,OTHER MOTOR VEHICLE,,0,0,CLEAR,,NO UNUSUAL CONDITIONS - NO UNUSUAL CONDITIONS,,A,DAYLIGHT,,,,,,,A,NO PEDESTRIANS INVOLVED,,A,22107,,1,MARTIN LUTHER KING JR WY,1,,,A,,,55TH ST,,,A,7/29/2024 9:59:17 AM,1/29/2025 2:34:34 PM,,,2,,,,,,,
2829475,21-014149,2,False,0109,3/28/2021 12:52:00 PM,1252,26X,14,109,Oakland,1,True,True,C,REAR END,,Sunday,,,,,False,False,False,,C,OTHER MOTOR VEHICLE,,0,0,CLEAR,,NO UNUSUAL CONDITIONS - NO UNUSUAL CONDITIONS,,A,DAYLIGHT,,,,,,,A,NO PEDESTRIANS INVOLVED,,A,22350,,1,INTERNATIONAL BL,2,,,A,W,100.0,75TH AV,F,,D,7/29/2024 9:59:17 AM,1/29/2025 2:34:34 PM,,,2,,,,,,,
2829474,21-012814,2,False,0109,3/26/2021 5:04:00 PM,1704,24X,14,109,Oakland,1,True,True,B,SIDE SWIPE,,Friday,,,M,,False,False,False,,E,PARKED MOTOR VEHICLE,,0,0,CLEAR,,NO UNUSUAL CONDITIONS - NO UNUSUAL CONDITIONS,,A,DAYLIGHT,,,,,,,A,NO PEDESTRIANS INVOLVED,,A,22107,,1,HARPER ST,2,,,A,N,15.0,CROSBY AV,F,,D,7/29/2024 9:59:17 AM,1/29/2025 2:34:34 PM,,,2,,,,,,,
2829473,21-014381,2,False,0109,3/29/2021 10:42:00 PM,2242,24X,14,109,Oakland,1,True,True,A,HEAD-ON,,Monday,,,M,,False,False,False,,C,OTHER MOTOR VEHICLE,,0,0,CLEAR,,NO UNUSUAL CONDITIONS - NO UNUSUAL CONDITIONS,,B,DUSK-DAWN,,,,,,,A,NO PEDESTRIANS INVOLVED,,A,21658A,,1,BROOKDALE AV,2,,,A,W,150.0,BARTLETT ST,F,,D,7/29/2024 9:59:17 AM,1/29/2025 2:34:34 PM,,,2,,,,,,,
2829472,21-012707,2,False,0109,3/19/2021 11:26:00 PM,2326,17X,14,109,Oakland,1,True,True,D,BROADSIDE,,Friday,,,,,False,False,False,,C,OTHER MOTOR VEHICLE,,0,0,CLEAR,,NO UNUSUAL CONDITIONS - NO UNUSUAL CONDITIONS,,C,DARK-STREET LIGHTS,,,,,,,A,NO PEDESTRIANS INVOLVED,,A,21801A,,1,MACARTHUR BL,2,,,A,,,BEAUMONT ST,,,A,7/29/2024 9:59:17 AM,1/29/2025 2:34:34 PM,,,2,,,,,,,
2829471,21-014299,2,False,0109,3/29/2021 11:54:00 AM,1154,23X,14,109,Oakland,1,True,True,E,HIT OBJECT,,Monday,,,M,,False,False,False,,I,FIXED OBJECT,,0,0,CLEAR,,NO UNUSUAL CONDITIONS - NO UNUSUAL CONDITIONS,,A,DAYLIGHT,,,,,,,A,NO PEDESTRIANS INVOLVED,,A,22107,,1,FOOTHILL BL,2,,,A,W,25.0,35TH AV,F,,A,7/29/2024 9:59:17 AM,1/29/2025 2:34:34 PM,,,2,,,,,,,
2829410,21-022946,2,False,0109,5/19/2021 2:44:00 PM,1444,19X,14,109,Oakland,1,True,True,D,BROADSIDE,,Wednesday,,,,,False,False,False,,C,OTHER MOTOR VEHICLE,,0,0,CLEAR,,NO UNUSUAL CONDITIONS - NO UNUSUAL CONDITIONS,,A,DAYLIGHT,,,,,,,A,NO PEDESTRIANS INVOLVED,,A,21453,,,E 7TH ST,1,,,A,,,KENNEDY ST,,,A,7/29/2024 9:59:12 AM,1/29/2025 2:34:30 PM,,,2,,,,,,,
2829407,21-011595,2,False,0109,3/13/2021 3:51:00 AM,351,18X,14,109,Oakland,1,True,True,E,HIT OBJECT,,Saturday,,,,,False,False,True,,I,FIXED OBJECT,,0,0,CLEAR,,NO UNUSUAL CONDITIONS - NO UNUSUAL CONDITIONS,,C,DARK-STREET LIGHTS,,,,,,,A,NO PEDESTRIANS INVOLVED,,A,22107,,1,E 30TH ST,1,,,A,E,50.0,14TH AV,F,,D,7/29/2024 9:59:12 AM,1/29/2025 2:34:30 PM,,,2,,,,,,,
2829403,21-011573,2,False,0109,3/13/2021 12:21:00 AM,21,35X,14,109,Oakland,1,True,True,E,HIT OBJECT,,Saturday,,,F,,False,False,True,,I,FIXED OBJECT,,0,0,CLEAR,,NO UNUSUAL CONDITIONS - NO UNUSUAL CONDITIONS,,C,DARK-STREET LIGHTS,,,,,,,A,NO PEDESTRIANS INVOLVED,,A,22107,,1,MACARTHUR BL,2,,,A,E,90.0,82ND AV,F,,A,7/29/2024 9:59:12 AM,1/29/2025 2:34:30 PM,,,2,,,,,,,
2829399,21-011357,2,False,0109,3/11/2021 5:51:00 PM,1751,18X,14,109,Oakland,1,True,True,D,BROADSIDE,,Thursday,,,,,False,False,False,,G,BICYCLE,,0,0,CLOUDY,,NO UNUSUAL CONDITIONS - NO UNUSUAL CONDITIONS,,B,DUSK-DAWN,,,,,,,A,NO PEDESTRIANS INVOLVED,,A,22450A,,1,21ST AV,1,,,A,,,E 22ND ST,,,A,7/29/2024 9:59:12 AM,1/29/2025 2:34:30 PM,,,2,,,,,,,
2829396,21-010387,2,False,0109,3/5/2021 1:18:00 PM,1318,21X,14,109,Oakland,1,True,True,H,OTHER,,Friday,,,,,False,False,False,,C,OTHER MOTOR VEHICLE,,0,0,CLEAR,,NO UNUSUAL CONDITIONS - NO UNUSUAL CONDITIONS,,A,DAYLIGHT,,,,,,,A,NO PEDESTRIANS INVOLVED,,A,22106,,1,FOOTHILL BL,1,,,A,,,FRUITVALE AV,,,D,7/29/2024 9:59:11 AM,1/29/2025 2:34:30 PM,,,2,,,,,,,
2829389,21-008110,2,False,0109,2/20/2021 2:00:00 AM,200,03X,14,109,Oakland,1,True,True,C,REAR END,,Saturday,,,M,,False,False,False,,C,OTHER MOTOR VEHICLE,,0,0,RAINING,,NO UNUSUAL CONDITIONS - NO UNUSUAL CONDITIONS,,C,DARK-STREET LIGHTS,,,,,,,A,NO PEDESTRIANS INVOLVED,,A,22350,,1,CASTRO ST,1,,,B,S,5.0,11TH ST,F,,A,7/29/2024 9:59:11 AM,1/29/2025 2:34:29 PM,,,2,,,,,,,
2829342,21-008088,2,False,0109,2/19/2021 11:47:00 PM,2347,31Y,14,109,Oakland,1,True,True,D,BROADSIDE,,Friday,,,M,,False,False,True,,E,PARKED MOTOR VEHICLE,,0,0,CLEAR,,NO UNUSUAL CONDITIONS - NO UNUSUAL CONDITIONS,,C,DARK-STREET LIGHTS,,,,,,,A,NO PEDESTRIANS INVOLVED,,A,22107,,1,S ELMHURST AV,2,,,A,N,15.0,OSCAR AV,F,,A,7/29/2024 9:59:08 AM,1/29/2025 2:34:28 PM,,,2,,,,,,,
2829332,21-009066,2,False,0109,2/25/2021 7:04:00 PM,1904,22X,14,109,Oakland,1,True,True,D,BROADSIDE,,Thursday,,,M,,False,False,True,,E,PARKED MOTOR VEHICLE,,0,0,CLEAR,,NO UNUSUAL CONDITIONS - NO UNUSUAL CONDITIONS,,C,DARK-STREET LIGHTS,,,,,,,A,NO PEDESTRIANS INVOLVED,,A,22106,,1,MADELINE ST,1,,,A,,,HILLVIEW ST,,,D,7/29/2024 9:59:07 AM,1/29/2025 2:34:28 PM,,,2,,,,,,,
2829318,21-007685,2,False,0109,2/17/2021 8:16:00 AM,816,24X,14,109,Oakland,1,True,True,B,SIDE SWIPE,,Wednesday,,,,,False,False,False,,C,OTHER MOTOR VEHICLE,,0,0,CLEAR,,NO UNUSUAL CONDITIONS - NO UNUSUAL CONDITIONS,,A,DAYLIGHT,,,,,,,A,NO PEDESTRIANS INVOLVED,,D,,,,HUMBOLDT AV,2,,,A,N,100.0,LYNDE ST,F,,D,7/29/2024 9:59:06 AM,1/29/2025 2:34:27 PM,,,2,,,,,,,
2829315,21-025120,2,False,0109,6/1/2021 7:44:00 PM,1944,26X,14,109,Oakland,1,True,True,D,BROADSIDE,,Tuesday,,,M,,False,False,True,,C,OTHER MOTOR VEHICLE,,1,0,CLEAR,,NO UNUSUAL CONDITIONS - NO UNUSUAL CONDITIONS,,A,DAYLIGHT,,,,,,,A,NO PEDESTRIANS INVOLVED,,A,21453A,,1,INTETRNATIONAL BL,2,,,A,,,54TH AV,,,A,7/29/2024 9:59:06 AM,1/29/2025 2:34:27 PM,,,2,,,,,,,
2829313,21-024315,2,False,0109,5/27/2021 1:10:00 PM,1310,27X,14,109,Oakland,1,True,True,B,SIDE SWIPE,,Thursday,,,,,False,False,True,,C,OTHER MOTOR VEHICLE,,0,0,CLEAR,,NO UNUSUAL CONDITIONS - NO UNUSUAL CONDITIONS,,A,DAYLIGHT,,,,,,,A,NO PEDESTRIANS INVOLVED,,A,22107,,1,BANCROFT AV,2,,,A,E,100.0,HIGH ST,F,,A,7/29/2024 9:59:06 AM,1/29/2025 2:34:27 PM,,,2,,,,,,,
2829310,21-027568,2,False,0109,6/15/2021 6:30:00 AM,630,19X,14,109,Oakland,1,True,True,A,HEAD-ON,,Tuesday,,,M,,False,False,False,,E,PARKED MOTOR VEHICLE,,0,0,CLEAR,,HOLES- DEEPRUT* - HOLES- DEEPRUT*,,A,DAYLIGHT,,,,,,,A,NO PEDESTRIANS INVOLVED,,A,22107,,1,22ND AV,1,,,A,N,100.0,E 15TH ST,F,,D,7/29/2024 9:59:06 AM,1/29/2025 2:34:27 PM,,,2,,,,,,,
2829307,21-008675,2,False,0109,2/23/2021 10:28:00 AM,1028,31Z,14,109,Oakland,1,True,True,B,SIDE SWIPE,,Tuesday,,,M,,False,False,False,,E,PARKED MOTOR VEHICLE,,0,0,CLEAR,,NO UNUSUAL CONDITIONS - NO UNUSUAL CONDITIONS,,A,DAYLIGHT,,,,,,,A,NO PEDESTRIANS INVOLVED,,A,22107,,1,PIPPIN ST,2,,,A,W,30.0,107TH,F,,B,7/29/2024 9:59:05 AM,1/29/2025 2:34:27 PM,,,2,,,,,,,
2829305,21-010903,2,False,0109,3/8/2021 7:47:00 PM,1947,19X,14,109,Oakland,1,True,True,D,BROADSIDE,,Monday,,,,,False,False,False,,C,OTHER MOTOR VEHICLE,,2,0,CLEAR,,NO UNUSUAL CONDITIONS - NO UNUSUAL CONDITIONS,,C,DARK-STREET LIGHTS,,,,,,,A,NO PEDESTRIANS INVOLVED,,A,21453A,,1,INTERNATION BL,1,,,A,,,22ND AV,,,A,7/29/2024 9:59:05 AM,1/29/2025 2:34:27 PM,,,2,,,,,,,
2829299,21-042949,2,False,0109,9/13/2021 7:00:00 AM,700,03X,14,109,Oakland,1,True,True,B,SIDE SWIPE,,Monday,,,,,False,False,False,,E,PARKED MOTOR VEHICLE,,0,0,CLEAR,,NO UNUSUAL CONDITIONS - NO UNUSUAL CONDITIONS,,A,DAYLIGHT,,,,,,,A,NO PEDESTRIANS INVOLVED,,A,22350,,1,3RD ST,1,,,A,,,FRANKLIN ST,,,A,7/29/2024 9:59:05 AM,1/29/2025 2:34:27 PM,,,2,,,,,,,
2829297,21-014140,2,False,0109,3/28/2021 12:04:00 PM,1204,31Y,14,109,Oakland,1,True,True,D,BROADSIDE,,Sunday,,,,,False,False,True,,C,OTHER MOTOR VEHICLE,,2,0,CLEAR,,NO UNUSUAL CONDITIONS - NO UNUSUAL CONDITIONS,,A,DAYLIGHT,,,,,,,A,NO PEDESTRIANS INVOLVED,,A,21457A,,,98TH AV,2,,,A,,,MADDUX DR,,,B,7/29/2024 9:59:05 AM,1/29/2025 2:34:27 PM,,,2,,,,,,,
2829294,21-019027,2,False,0109,4/26/2021 1:12:00 PM,1312,31X,14,109,Oakland,1,True,True,C,REAR END,,Monday,,,,,False,False,True,,C,OTHER MOTOR VEHICLE,,0,0,CLEAR,,NO UNUSUAL CONDITIONS - NO UNUSUAL CONDITIONS,,A,DAYLIGHT,,,,,,,A,NO PEDESTRIANS INVOLVED,,A,22350,,1,HEGENBERGER RD,2,,,A,S,300.0,LEET DR,F,,D,7/29/2024 9:59:04 AM,1/29/2025 2:34:26 PM,,,2,,,,,,,
2829290,21-025016,2,False,0109,6/1/2021 9:00:00 AM,900,06X,14,109,Oakland,1,True,True,A,HEAD-ON,,Tuesday,,,,,False,False,False,,C,OTHER MOTOR VEHICLE,,2,0,CLEAR,,NO UNUSUAL CONDITIONS - NO UNUSUAL CONDITIONS,,A,DAYLIGHT,,,,,,,A,NO PEDESTRIANS INVOLVED,,D,,,,40TH ST,1,,,A,,,MARTIN LUTHER KING JR WY,,,A,7/29/2024 9:59:04 AM,1/29/2025 2:34:27 PM,,,2,,,,,,,
2829286,21-029969,2,False,0109,6/29/2021 11:29:00 AM,1129,31X,14,109,Oakland,1,True,True,B,SIDE SWIPE,,Tuesday,,,,,False,False,False,,C,OTHER MOTOR VEHICLE,,1,0,CLEAR,,NO UNUSUAL CONDITIONS - NO UNUSUAL CONDITIONS,,A,DAYLIGHT,,,,,,,A,NO PEDESTRIANS INVOLVED,,A,21755,,1,BALDWIN ST,2,,,A,W,10.0,85TH AV,F,,A,7/29/2024 9:59:04 AM,1/29/2025 2:34:26 PM,,,2,,,,,,,
2829282,21-031769,2,False,0109,7/6/2021 2:00:00 AM,200,31X,14,109,Oakland,1,True,True,H,OTHER,,Tuesday,,,,,False,False,False,,G,BICYCLE,,1,0,,,,,C,DARK-STREET LIGHTS,,,,,,,A,NO PEDESTRIANS INVOLVED,,D,,,,SAN LEANDRO BL,2,,,A,,,81ST AV,,,A,7/29/2024 9:59:03 AM,1/29/2025 2:34:26 PM,,,2,,,,,,,
2829278,21-028340,2,False,0109,7/19/2021 11:06:00 PM,2306,19X,14,109,Oakland,1,True,True,B,SIDE SWIPE,,Monday,,,M,,False,False,True,,E,PARKED MOTOR VEHICLE,,0,0,CLEAR,,NO UNUSUAL CONDITIONS - NO UNUSUAL CONDITIONS,,C,DARK-STREET LIGHTS,,,,,,,A,NO PEDESTRIANS INVOLVED,,A,22107,,1,E 15TH ST,1,,,A,E,20.0,15TH AV,F,,D,7/29/2024 9:59:03 AM,1/29/2025 2:34:26 PM,,,2,,,,,,,
2829275,21-014170,2,False,0109,3/28/2021 3:56:00 PM,1556,31Z,14,109,Oakland,1,True,True,B,SIDE SWIPE,,Sunday,,,F,,False,False,False,,C,OTHER MOTOR VEHICLE,,0,0,CLEAR,,NO UNUSUAL CONDITIONS - NO UNUSUAL CONDITIONS,,D,DARK-NO STREET LIGHTS,,,,,,,A,NO PEDESTRIANS INVOLVED,,A,22107,,1,RUSSET ST,2,,,A,E,10.0,105TH AV,F,,D,7/29/2024 9:59:03 AM,1/29/2025 2:34:26 PM,,,2,,,,,,,
2829272,21-040639,2,False,0109,8/30/2021 1:58:00 PM,1358,01X,14,109,Oakland,1,True,True,D,BROADSIDE,,Monday,,,,,False,False,True,,C,OTHER MOTOR VEHICLE,,2,0,CLEAR,,NO UNUSUAL CONDITIONS - NO UNUSUAL CONDITIONS,,A,DAYLIGHT,,,,,,,A,NO PEDESTRIANS INVOLVED,,A,21453A,,1,5TH ST,1,,,A,,,MADISON ST,,,A,7/29/2024 9:59:03 AM,1/29/2025 2:34:26 PM,,,2,,,,,,,
2829121,`21-037085,2,False,0109,8/9/2021 7:49:00 PM,1949,12Y,14,109,Oakland,1,True,True,C,REAR END,,Monday,,,,,False,False,True,,C,OTHER MOTOR VEHICLE,,0,0,CLEAR,,NO UNUSUAL CONDITIONS - NO UNUSUAL CONDITIONS,,A,DAYLIGHT,,,,,,,A,NO PEDESTRIANS INVOLVED,,A,22350,,1,CLAREMONT AV,1,,,A,S,100.0,CHABOT RD,F,,D,7/29/2024 9:58:52 AM,1/29/2025 2:34:21 PM,,,2,,,,,,,
2829120,21-036278,2,False,0109,8/5/2021 12:24:00 AM,24,24X,14,109,Oakland,1,True,True,C,REAR END,,Thursday,,,M,,False,False,False,,,,,0,0,CLEAR,,NO UNUSUAL CONDITIONS - NO UNUSUAL CONDITIONS,,C,DARK-STREET LIGHTS,,,,,,,A,NO PEDESTRIANS INVOLVED,,A,22450A,,1,38TH AV,2,,,A,,,CARRINGTON ST,,,A,7/29/2024 9:58:51 AM,1/29/2025 2:34:21 PM,,,2,,,,,,,
2828895,21-040557,2,False,0109,8/30/2021 4:19:00 AM,419,21X,14,109,Oakland,1,True,True,B,SIDE SWIPE,,Monday,,,,,False,False,True,,E,PARKED MOTOR VEHICLE,,0,0,CLEAR,,NO UNUSUAL CONDITIONS - NO UNUSUAL CONDITIONS,,C,DARK-STREET LIGHTS,,,,,,,A,NO PEDESTRIANS INVOLVED,,A,23152A,,1,COOLIDGE AV,1,,,A,N,250.0,E23RD ST,F,,D,7/29/2024 9:58:35 AM,1/29/2025 2:34:14 PM,,,2,,,,,,,