collision-id,report-number,report-version,is-preliminary,ncic-code,crash-date-time,crash-time-description,beat,city-id,city-code,city-name,county-code,city-is-active,city-is-incorporated,collision-type-code,collision-type-description,collision-type-other-desc,day-of-week,dispatch-notified,has-photographs,hit-run,is-attachments-mailed,is-deleted,is-highway-related,is-tow-away,judicial-district,motor-vehicle-involved-with-code,motor-vehicle-involved-with-desc,motor-vehicle-involved-with-other-desc,number-injured,number-killed,weather-1,weather-2,road-condition-1,road-condition-2,special-condition-lighting-code,lighting-description,latitude,longitude,milepost-direction,milepost-distance,milepost-marker,milepost-unit-of-measure,pedestrian-action-code,pedestrian-action-desc,prepared-date,primary-collision-factor-code,primary-collision-factor-violation,primary-collision-factor-is-cited,primary-collision-party-number,primary-road,reporting-district,reporting-district-code,reviewed-date,roadway-surface-code,secondary-direction,secondary-distance,secondary-road,secondary-unit-of-measure,sketch-desc,traffic-control-device-code,created-date,modified-date,is-county-road,is-freeway,chp-555-version,is-additonal-object-struck,notification-date,notification-time-description,has-digital-media-files,evidence-number,is-location-refer-to-narrative,is-aoi-one-same-as-location
2850536,21-044473,2,False,0109,9/22/2021 6:59:00 PM,1859,02X,14,109,Oakland,1,True,True,H,OTHER,,Wednesday,,,,,False,False,False,,E,PARKED MOTOR VEHICLE,,0,0,CLEAR,,NO UNUSUAL CONDITIONS - NO UNUSUAL CONDITIONS,,A,DAYLIGHT,,,,,,,A,NO PEDESTRIANS INVOLVED,,A,,,1,10TH ST,1,,,A,,,MAGNOLIA ST,,,D,7/29/2024 10:32:45 AM,1/29/2025 2:46:55 PM,,,2,,,,,,,
2850442,21-050500,2,False,0109,10/27/2021 6:10:00 PM,1810,08X,14,109,Oakland,1,True,True,E,HIT OBJECT,,Wednesday,,,,,False,False,True,,A,NON-COLLISION,,1,0,CLEAR,,NO UNUSUAL CONDITIONS - NO UNUSUAL CONDITIONS,,A,DAYLIGHT,,,,,,,A,NO PEDESTRIANS INVOLVED,,A,21453A,,1,NORTHGATE AVE,1,,,A,,,27TH ST,,,A,7/29/2024 10:32:35 AM,1/29/2025 2:46:52 PM,,,2,,,,,,,
2850184,21-051855,2,False,0109,11/4/2021 1:10:00 PM,1310,03X,14,109,Oakland,1,True,True,E,HIT OBJECT,,Thursday,,,,,False,False,False,,I,FIXED OBJECT,,0,0,CLEAR,,NO UNUSUAL CONDITIONS - NO UNUSUAL CONDITIONS,,A,DAYLIGHT,,,,,,,A,NO PEDESTRIANS INVOLVED,,B,,,1,6TH ST,1,,,A,W,14.0,BROADWAY,F,,D,7/29/2024 10:32:05 AM,1/29/2025 2:46:42 PM,,,2,,,,,,,
2850182,21-044204,2,False,0109,9/20/2021 11:29:00 PM,2329,30X,14,109,Oakland,1,True,True,D,BROADSIDE,,Monday,,,,,False,False,False,,C,OTHER MOTOR VEHICLE,,2,0,CLEAR,,NO UNUSUAL CONDITIONS - NO UNUSUAL CONDITIONS,,C,DARK-STREET LIGHTS,,,,,,,A,NO PEDESTRIANS INVOLVED,,A,21801A,,1,73RD AV,2,,,A,,,ORRAL ST,,,D,7/29/2024 10:32:05 AM,1/29/2025 2:46:42 PM,,,2,,,,,,,
2850075,21-041436,2,False,0109,9/3/2021 7:18:00 PM,1918,34X,14,109,Oakland,1,True,True,D,BROADSIDE,,Friday,,,,,False,True,False,,C,OTHER MOTOR VEHICLE,,1,0,CLEAR,,NO UNUSUAL CONDITIONS - NO UNUSUAL CONDITIONS,,A,DAYLIGHT,,,,,,,A,NO PEDESTRIANS INVOLVED,,A,22107,,1,INTERNATIONAL BL,2,,,A,W,8.0,87TH AV,F,,A,7/29/2024 10:31:53 AM,1/29/2025 2:46:38 PM,,,2,,,,,,,
2850074,21-045324,2,False,0109,9/27/2021 7:58:00 PM,1958,25X,14,109,Oakland,1,True,True,B,SIDE SWIPE,,Monday,,,,,False,True,False,,C,OTHER MOTOR VEHICLE,,0,0,CLOUDY,RAINING,NO UNUSUAL CONDITIONS - NO UNUSUAL CONDITIONS,,C,DARK-STREET LIGHTS,,,,,,,A,NO PEDESTRIANS INVOLVED,,A,,,1,EDWARDS AV,2,,,B,,,RT 580,,,A,7/29/2024 10:31:53 AM,1/29/2025 2:46:38 PM,,,2,,,,,,,
2850072,21-049426,2,False,0109,9/21/2021 7:30:00 AM,730,,14,109,Oakland,1,True,True,C,REAR END,,Tuesday,,,,,False,False,False,,C,OTHER MOTOR VEHICLE,,0,0,CLOUDY,,NO UNUSUAL CONDITIONS - NO UNUSUAL CONDITIONS,,A,DAYLIGHT,,,,,,,A,NO PEDESTRIANS INVOLVED,,A,,,1,MANUEL CAMPOS PARKWAY,1,,,A,,,HILBORN RD,,,D,7/29/2024 10:31:53 AM,1/29/2025 2:46:38 PM,,,2,,,,,,,
2850069,21-042587,2,False,0109,9/10/2021 6:24:00 PM,1824,31Y,14,109,Oakland,1,True,True,D,BROADSIDE,,Friday,,,,,False,False,False,,C,OTHER MOTOR VEHICLE,,0,0,CLEAR,,NO UNUSUAL CONDITIONS - NO UNUSUAL CONDITIONS,,A,DAYLIGHT,,,,,,,A,NO PEDESTRIANS INVOLVED,,A,,,1,HEGENBERGER RD,2,,,A,,,BABCOCK CT,,,A,7/29/2024 10:31:52 AM,1/29/2025 2:46:38 PM,,,2,,,,,,,
2849662,21-012212,2,False,0109,3/16/2021 5:45:00 PM,1745,24Y,14,109,Oakland,1,True,True,D,BROADSIDE,,Tuesday,,,,,False,False,True,,C,OTHER MOTOR VEHICLE,,0,0,CLEAR,,NO UNUSUAL CONDITIONS - NO UNUSUAL CONDITIONS,,A,DAYLIGHT,,,,,,,A,NO PEDESTRIANS INVOLVED,,A,21802A,,1,HIGH ST,2,,,A,S,15.0,CULVER ST,F,,A,7/29/2024 10:31:07 AM,1/29/2025 2:46:21 PM,,,2,,,,,,,
2849109,21-039928,2,False,0109,8/26/2021 10:30:00 AM,1030,31X,14,109,Oakland,1,True,True,D,BROADSIDE,,Thursday,,,,,False,False,False,,C,OTHER MOTOR VEHICLE,,2,0,CLEAR,,NO UNUSUAL CONDITIONS - NO UNUSUAL CONDITIONS,,A,DAYLIGHT,,,,,,,A,NO PEDESTRIANS INVOLVED,,A,21453A,,1,HEGENBERGER RD,2,,,A,N,100.0,BALDWIN ST,F,,D,7/29/2024 10:30:00 AM,1/29/2025 2:46:02 PM,,,2,,,,,,,
2849108,21-040102,2,False,0109,8/27/2021 12:43:00 PM,1243,09X,14,109,Oakland,1,True,True,G,VEHICLE/PEDESTRAIN,,Friday,,,,,False,False,False,,B,PEDESTRIAN,,1,0,CLEAR,,NO UNUSUAL CONDITIONS - NO UNUSUAL CONDITIONS,,A,DAYLIGHT,,,,,,,B,CROSSING IN CROSS WALK AT INTERSECTION,,A,21950A,,1,PIEDMONT AV,1,,,A,,,GLEN AV,,,A,7/29/2024 10:30:00 AM,1/29/2025 2:46:02 PM,,,2,,,,,,,
2849107,21-040211,2,False,0109,8/28/2021 6:19:00 AM,619,05X,14,109,Oakland,1,True,True,D,BROADSIDE,,Saturday,,,,,False,False,False,,C,OTHER MOTOR VEHICLE,,2,0,CLEAR,,NO UNUSUAL CONDITIONS - NO UNUSUAL CONDITIONS,,A,DAYLIGHT,,,,,,,A,NO PEDESTRIANS INVOLVED,,A,21802A,,1,MARKET ST,1,,,A,N,20.0,16TH ST,F,,A,7/29/2024 10:30:00 AM,1/29/2025 2:46:02 PM,,,2,,,,,,,
2849106,21-039292,2,False,0109,8/22/2021 3:03:00 PM,1503,05X,14,109,Oakland,1,True,True,D,BROADSIDE,,Sunday,,,,,False,False,False,,C,OTHER MOTOR VEHICLE,,1,0,CLEAR,,NO UNUSUAL CONDITIONS - NO UNUSUAL CONDITIONS,,A,DAYLIGHT,,,,,,,A,NO PEDESTRIANS INVOLVED,,A,21453A,,1,MANDELA PKWY,1,,,A,,,14TH ST,,,A,7/29/2024 10:29:59 AM,1/29/2025 2:46:01 PM,,,2,,,,,,,
2849105,21-038926,2,False,0109,8/20/2021 8:40:00 AM,840,14X,14,109,Oakland,1,True,True,D,BROADSIDE,,Friday,,,,,False,False,False,,C,OTHER MOTOR VEHICLE,,2,0,CLEAR,,NO UNUSUAL CONDITIONS - NO UNUSUAL CONDITIONS,,A,DAYLIGHT,,,,,,,A,NO PEDESTRIANS INVOLVED,,A,21453A,,,SAN PABLO AV,1,,,A,,,19TH ST,,,A,7/29/2024 10:29:59 AM,1/29/2025 2:46:01 PM,,,2,,,,,,,
2849104,21-039609,2,False,0109,8/24/2021 12:48:00 PM,1248,30X,14,109,Oakland,1,True,True,A,HEAD-ON,,Tuesday,,,M,,False,False,False,,C,OTHER MOTOR VEHICLE,,1,0,CLEAR,,NO UNUSUAL CONDITIONS - NO UNUSUAL CONDITIONS,,A,DAYLIGHT,,,,,,,A,NO PEDESTRIANS INVOLVED,,A,22350,,1,INTERNATIONAL BL,2,,,A,,,79TH AV,,,A,7/29/2024 10:29:59 AM,1/29/2025 2:46:01 PM,,,2,,,,,,,
2848268,21-041024,2,False,0109,9/1/2021 5:12:00 PM,1712,30X,14,109,Oakland,1,True,True,G,VEHICLE/PEDESTRAIN,,Wednesday,,,,,False,False,False,,B,PEDESTRIAN,,1,0,CLEAR,,NO UNUSUAL CONDITIONS - NO UNUSUAL CONDITIONS,,A,DAYLIGHT,,,,,,,F,NOT IN ROAD,,B,,,1,82ND AV,2,,,A,,,82ND AV 1745,,,D,7/29/2024 10:28:29 AM,1/29/2025 2:45:31 PM,,,2,,,,,,,
2848267,21-044082,2,False,0109,9/20/2021 9:03:00 AM,903,29X,14,109,Oakland,1,True,True,A,HEAD-ON,,Monday,,,M,,False,False,False,,B,PEDESTRIAN,,1,0,CLEAR,,NO UNUSUAL CONDITIONS - NO UNUSUAL CONDITIONS,,A,DAYLIGHT,,,,,,,B,CROSSING IN CROSS WALK AT INTERSECTION,,A,21950A,,1,104TH AV,2,,,A,,,INTERNATIONAL BL,,,A,7/29/2024 10:28:29 AM,1/29/2025 2:45:31 PM,,,2,,,,,,,
2848157,21-017239,2,False,0109,4/16/2021 6:40:00 PM,1840,31X,14,109,Oakland,1,True,True,D,BROADSIDE,,Friday,,,,,False,False,False,,C,OTHER MOTOR VEHICLE,,4,0,CLEAR,,NO UNUSUAL CONDITIONS - NO UNUSUAL CONDITIONS,,A,DAYLIGHT,,,,,,,A,NO PEDESTRIANS INVOLVED,,A,21453A,,1,SAN LEANDRO ST,2,,,A,S,50.0,85TH AV,F,,A,7/29/2024 10:28:17 AM,1/29/2025 2:45:27 PM,,,2,,,,,,,
2848154,21-010429,2,False,0109,3/5/2021 8:26:00 PM,2026,04X,14,109,Oakland,1,True,True,,,,Friday,,,,,False,False,False,,C,OTHER MOTOR VEHICLE,,1,0,CLEAR,,NO UNUSUAL CONDITIONS - NO UNUSUAL CONDITIONS,,C,DARK-STREET LIGHTS,,,,,,,A,NO PEDESTRIANS INVOLVED,,A,21453A,,1,17TH ST,1,,,,,,JEFFERSON ST,,,A,7/29/2024 10:28:17 AM,1/29/2025 2:45:27 PM,,,2,,,,,,,
2848153,21-011522,2,False,0109,3/12/2021 5:32:00 PM,1732,26X,14,109,Oakland,1,True,True,D,BROADSIDE,,Friday,,,,,False,False,False,,G,BICYCLE,,1,0,CLEAR,,NO UNUSUAL CONDITIONS - NO UNUSUAL CONDITIONS,,A,DAYLIGHT,,,,,,,D,CROSSING - NOT IN CROSSWALK,,A,21650,,1,SAN LEANDRO ST,1,,,A,E,10.0,44TH AV,F,,C,7/29/2024 10:28:17 AM,1/29/2025 2:45:27 PM,,,2,,,,,,,
2848152,21-013320,2,False,0109,3/23/2021 9:35:00 PM,2135,31X,14,109,Oakland,1,True,True,C,REAR END,,Tuesday,,,,,False,False,False,,C,OTHER MOTOR VEHICLE,,2,0,CLEAR,,NO UNUSUAL CONDITIONS - NO UNUSUAL CONDITIONS,,C,DARK-STREET LIGHTS,,,,,,,A,NO PEDESTRIANS INVOLVED,,A,22107,,1,HEGENBERGER RD,2,,,A,,,BALDWIN ST,,,A,7/29/2024 10:28:17 AM,1/29/2025 2:45:27 PM,,,2,,,,,,,
2848142,21-024690,2,False,0109,5/29/2021 7:39:00 PM,1939,29X,14,109,Oakland,1,True,True,E,HIT OBJECT,,Saturday,,,M,,False,False,False,,I,FIXED OBJECT,,0,0,CLEAR,,NO UNUSUAL CONDITIONS - NO UNUSUAL CONDITIONS,,A,DAYLIGHT,,,,,,,A,NO PEDESTRIANS INVOLVED,,D,,,1,FOOTHILL BL,2,,,A,E,100.0,68TH AV,F,,A,7/29/2024 10:28:16 AM,1/29/2025 2:45:26 PM,,,2,,,,,,,
2848141,21-024412,2,False,0109,5/28/2021 5:47:00 AM,547,31X,14,109,Oakland,1,True,True,C,REAR END,,Friday,,,,,False,False,False,,C,OTHER MOTOR VEHICLE,,0,0,CLEAR,,NO UNUSUAL CONDITIONS - NO UNUSUAL CONDITIONS,,A,DAYLIGHT,,,,,,,A,NO PEDESTRIANS INVOLVED,,A,22350,,1,98TH AV,2,,,A,N,25.0,EMPIRE RD,F,,A,7/29/2024 10:28:16 AM,1/29/2025 2:45:27 PM,,,2,,,,,,,
2848140,21-020953,2,False,0109,5/8/2021 11:27:00 PM,2327,03X,14,109,Oakland,1,True,True,D,BROADSIDE,,Saturday,,,,,False,False,False,,E,PARKED MOTOR VEHICLE,,0,0,CLEAR,,NO UNUSUAL CONDITIONS - NO UNUSUAL CONDITIONS,,B,DUSK-DAWN,,,,,,,A,NO PEDESTRIANS INVOLVED,,A,21658A,,1,7TH ST,1,,,A,E,20.0,HARRISON ST,F,,A,7/29/2024 10:28:16 AM,1/29/2025 2:45:26 PM,,,2,,,,,,,
2848122,21-017401,2,False,0109,4/16/2021 8:20:00 PM,2020,31X,14,109,Oakland,1,True,True,E,HIT OBJECT,,Friday,,,,,False,False,False,,I,FIXED OBJECT,,0,0,CLEAR,,NO UNUSUAL CONDITIONS - NO UNUSUAL CONDITIONS,,C,DARK-STREET LIGHTS,,,,,,,A,NO PEDESTRIANS INVOLVED,,A,22107,,1,EDES AV,2,,,A,,,ENTERPRISE WY,,,A,7/29/2024 10:28:14 AM,1/29/2025 2:45:26 PM,,,2,,,,,,,
2848119,21-013918,2,False,0109,3/26/2021 9:10:00 PM,2110,17X,14,109,Oakland,1,True,True,G,VEHICLE/PEDESTRAIN,,Friday,,,F,,False,False,False,,B,PEDESTRIAN,,0,0,CLEAR,,NO UNUSUAL CONDITIONS - NO UNUSUAL CONDITIONS,,C,DARK-STREET LIGHTS,,,,,,,C,CROSSING IN CROSS WALK - NOT AT INTERSECTION,,A,22350,,1,PARK BL,1,,,A,N,0.0,33RD ST,F,,D,7/29/2024 10:28:13 AM,1/29/2025 2:45:26 PM,,,2,,,,,,,
2848118,21-011186,2,False,0109,3/10/2021 2:57:00 PM,1457,19X,14,109,Oakland,1,True,True,C,REAR END,,Wednesday,,,M,,False,False,False,,E,PARKED MOTOR VEHICLE,,0,0,CLOUDY,,NO UNUSUAL CONDITIONS - NO UNUSUAL CONDITIONS,,A,DAYLIGHT,,,,,,,A,NO PEDESTRIANS INVOLVED,,A,22106,,1,E 11TH ST,1,,,B,W,10.0,E 8TH ST,F,,D,7/29/2024 10:28:13 AM,1/29/2025 2:45:26 PM,,,2,,,,,,,
2848117,21-013805,2,False,0109,3/26/2021 4:40:00 PM,1640,28X,14,109,Oakland,1,True,True,A,HEAD-ON,,Friday,,,,,False,False,True,,C,OTHER MOTOR VEHICLE,,0,0,CLEAR,,NO UNUSUAL CONDITIONS - NO UNUSUAL CONDITIONS,,A,DAYLIGHT,,,,,,,A,NO PEDESTRIANS INVOLVED,,A,21801A,,1,HIGH CASTLE CT,2,,,A,,,QUIGLEY AV,,,A,7/29/2024 10:28:13 AM,1/29/2025 2:45:26 PM,,,2,,,,,,,
2848116,21-011434,2,False,0109,3/12/2021 8:21:00 AM,821,19X,14,109,Oakland,1,True,True,B,SIDE SWIPE,,Friday,,,F,,False,False,False,,E,PARKED MOTOR VEHICLE,,0,0,CLEAR,,NO UNUSUAL CONDITIONS - NO UNUSUAL CONDITIONS,,A,DAYLIGHT,,,,,,,A,NO PEDESTRIANS INVOLVED,,A,22107,,1,19TH AV,1,,,A,N,300.0,INTERNATIONAL BL,F,,D,7/29/2024 10:28:13 AM,1/29/2025 2:45:25 PM,,,2,,,,,,,
2848114,21-013473,2,False,0109,3/24/2021 8:08:00 PM,2008,31X,14,109,Oakland,1,True,True,D,BROADSIDE,,Wednesday,,,,,False,False,False,,C,OTHER MOTOR VEHICLE,,0,0,CLEAR,,NO UNUSUAL CONDITIONS - NO UNUSUAL CONDITIONS,,C,DARK-STREET LIGHTS,,,,,,,A,NO PEDESTRIANS INVOLVED,,D,,,,HEGENBERGER RD,2,,,A,,,HEGENBERGER LP,,,A,7/29/2024 10:28:13 AM,1/29/2025 2:45:25 PM,,,2,,,,,,,
2847997,21-038558,2,False,0109,8/18/2021 9:02:00 AM,902,13X,14,109,Oakland,1,True,True,D,BROADSIDE,,Wednesday,,,,,False,False,False,,G,BICYCLE,,1,0,CLEAR,,NO UNUSUAL CONDITIONS - NO UNUSUAL CONDITIONS,,A,DAYLIGHT,,,,,,,A,NO PEDESTRIANS INVOLVED,,A,22103,,1,CLAREMONT AV,1,,,A,N,100.0,STONEWALL RD,F,,D,7/29/2024 10:28:00 AM,1/29/2025 2:45:21 PM,,,2,,,,,,,
2847996,21-037267,2,False,0109,8/10/2021 5:38:00 PM,1738,26X,14,109,Oakland,1,True,True,C,REAR END,,Tuesday,,,M,,False,False,False,,C,OTHER MOTOR VEHICLE,,1,0,CLEAR,,NO UNUSUAL CONDITIONS - NO UNUSUAL CONDITIONS,,A,DAYLIGHT,,,,,,,A,NO PEDESTRIANS INVOLVED,,A,22350,,1,INTERNATIONAL BL,2,,,A,W,200.0,56TH AV,F,,D,7/29/2024 10:28:00 AM,1/29/2025 2:45:21 PM,,,2,,,,,,,
2847995,21-038120,2,False,0109,8/15/2021 9:06:00 PM,2106,30X,14,109,Oakland,1,True,True,A,HEAD-ON,,Sunday,,,F,,False,False,True,,C,OTHER MOTOR VEHICLE,,1,0,CLEAR,,NO UNUSUAL CONDITIONS - NO UNUSUAL CONDITIONS,,C,DARK-STREET LIGHTS,,,,,,,A,NO PEDESTRIANS INVOLVED,,A,21461A,,1,INTERNATIONAL BL,2,,,A,,,7TH AV,,,A,7/29/2024 10:27:59 AM,1/29/2025 2:45:21 PM,,,2,,,,,,,
2847994,21-039008,2,False,0109,8/20/2021 5:01:00 PM,1701,34X,14,109,Oakland,1,True,True,D,BROADSIDE,,Friday,,,M,,False,False,False,,C,OTHER MOTOR VEHICLE,,1,0,CLEAR,,NO UNUSUAL CONDITIONS - NO UNUSUAL CONDITIONS,,A,DAYLIGHT,,,,,,,A,NO PEDESTRIANS INVOLVED,,A,22450A,,1,92ND AV,2,,,A,W,10.0,WALNUT ST,F,,A,7/29/2024 10:27:59 AM,1/29/2025 2:45:21 PM,,,2,,,,,,,
2847971,21-030960,2,False,0109,7/4/2021 11:25:00 PM,2325,04X,14,109,Oakland,1,True,True,D,BROADSIDE,,Sunday,,,,,False,False,False,,G,BICYCLE,,1,0,CLEAR,,NO UNUSUAL CONDITIONS - NO UNUSUAL CONDITIONS,,C,DARK-STREET LIGHTS,,,,,,,A,NO PEDESTRIANS INVOLVED,,A,21453A,,1,17TH ST,1,,,A,,,TELEGRAPH AV,,,A,7/29/2024 10:27:56 AM,1/29/2025 2:45:20 PM,,,2,,,,,,,
2847969,21-034916,2,False,0109,7/27/2021 10:23:00 PM,2223,18X,14,109,Oakland,1,True,True,D,BROADSIDE,,Tuesday,,,,,False,False,True,,C,OTHER MOTOR VEHICLE,,1,0,CLEAR,,NO UNUSUAL CONDITIONS - NO UNUSUAL CONDITIONS,,C,DARK-STREET LIGHTS,,,,,,,A,NO PEDESTRIANS INVOLVED,,A,21801A,,1,E 21ST ST,1,,,A,,,17TH AV,,,D,7/29/2024 10:27:56 AM,1/29/2025 2:45:20 PM,,,2,,,,,,,
2847968,21-035368,2,False,0109,7/30/2021 10:47:00 AM,1047,27Y,14,109,Oakland,1,True,True,D,BROADSIDE,,Friday,,,M,,False,False,False,,C,OTHER MOTOR VEHICLE,,1,0,CLEAR,,NO UNUSUAL CONDITIONS - NO UNUSUAL CONDITIONS,,A,DAYLIGHT,,,,,,,A,NO PEDESTRIANS INVOLVED,,A,22450A,,1,BANCROFT AV,2,,,A,,,64TH AV,,,A,7/29/2024 10:27:56 AM,1/29/2025 2:45:20 PM,,,2,,,,,,,
2847967,21-034236,2,False,0109,7/24/2021 2:00:00 AM,200,22X,14,109,Oakland,1,True,True,E,HIT OBJECT,,Saturday,,,,,False,False,True,,I,FIXED OBJECT,,1,0,CLEAR,,NO UNUSUAL CONDITIONS - NO UNUSUAL CONDITIONS,,C,DARK-STREET LIGHTS,,,,,,,A,NO PEDESTRIANS INVOLVED,,A,22107,,1,MONTANA ST,1,,,A,E,50.0,LAGUNA AV,F,,D,7/29/2024 10:27:56 AM,1/29/2025 2:45:20 PM,,,2,,,,,,,
2847966,21-033846,2,False,0109,7/21/2021 4:07:00 PM,1607,02X,14,109,Oakland,1,True,True,D,BROADSIDE,,Wednesday,,,M,,False,False,False,,C,OTHER MOTOR VEHICLE,,1,0,CLEAR,,NO UNUSUAL CONDITIONS - NO UNUSUAL CONDITIONS,,A,DAYLIGHT,,,,,,,A,NO PEDESTRIANS INVOLVED,,A,21453A,,1,BRUSH ST,1,,,A,,,14TH ST,,,A,7/29/2024 10:27:56 AM,1/29/2025 2:45:20 PM,,,2,,,,,,,
2847965,21-033015,2,False,0109,7/16/2021 12:11:00 PM,1211,32X,14,109,Oakland,1,True,True,D,BROADSIDE,,Friday,,,M,,False,False,True,,C,OTHER MOTOR VEHICLE,,3,0,CLEAR,,NO UNUSUAL CONDITIONS - NO UNUSUAL CONDITIONS,,A,DAYLIGHT,,,,,,,A,NO PEDESTRIANS INVOLVED,,A,22450A,,1,106TH AV,2,,,A,,,PONTIAC ST,,,A,7/29/2024 10:27:56 AM,1/29/2025 2:45:20 PM,,,2,,,,,,,
2847964,21-032998,2,False,0109,7/16/2021 10:57:00 AM,1057,20X,14,109,Oakland,1,True,True,B,SIDE SWIPE,,Friday,,,M,,False,False,False,,C,OTHER MOTOR VEHICLE,,1,0,CLEAR,,NO UNUSUAL CONDITIONS - NO UNUSUAL CONDITIONS,,A,DAYLIGHT,,,,,,,A,NO PEDESTRIANS INVOLVED,,A,22107,,1,INTERNATIONAL BL,1,,,A,W,20.0,MILLER AV,F,,D,7/29/2024 10:27:55 AM,1/29/2025 2:45:20 PM,,,2,,,,,,,
2847963,21-032033,2,False,0109,7/11/2021 1:24:00 AM,124,32X,14,109,Oakland,1,True,True,C,REAR END,,Sunday,,,M,,False,False,False,,C,OTHER MOTOR VEHICLE,,3,0,CLEAR,,NO UNUSUAL CONDITIONS - NO UNUSUAL CONDITIONS,,C,DARK-STREET LIGHTS,,,,,,,A,NO PEDESTRIANS INVOLVED,,A,22107,,1,INTERNATIONAL BL,2,,,A,E,10.0,100TH AV,F,,A,7/29/2024 10:27:55 AM,1/29/2025 2:45:20 PM,,,2,,,,,,,
2847962,21-030762,2,False,0109,7/3/2021 5:02:00 PM,1702,26X,14,109,Oakland,1,True,True,H,OTHER,,Saturday,,,M,,False,False,False,,G,BICYCLE,,1,0,CLEAR,,NO UNUSUAL CONDITIONS - NO UNUSUAL CONDITIONS,,A,DAYLIGHT,,,,,,,B,CROSSING IN CROSS WALK AT INTERSECTION,,A,22107,,1,73RD AV,2,,,A,,,INTERNATIONAL BL,,,A,7/29/2024 10:27:55 AM,1/29/2025 2:45:20 PM,,,2,,,,,,,
2847958,21-035282,2,False,0109,7/29/2021 10:32:00 PM,2232,23X,14,109,Oakland,1,True,True,C,REAR END,,Thursday,,,M,,False,False,False,,C,OTHER MOTOR VEHICLE,,0,0,CLEAR,,NO UNUSUAL CONDITIONS - NO UNUSUAL CONDITIONS,,C,DARK-STREET LIGHTS,,,,,,,A,NO PEDESTRIANS INVOLVED,,A,22350,,1,INTERNATIONAL BL,2,,,A,W,10.0,39TH AV,F,,A,7/29/2024 10:27:55 AM,1/29/2025 2:45:19 PM,,,2,,,,,,,
2847956,21-035324,2,False,0109,7/30/2021 7:26:00 AM,726,33X,14,109,Oakland,1,True,True,C,REAR END,,Friday,,,M,,False,False,False,,E,PARKED MOTOR VEHICLE,,0,0,CLEAR,,NO UNUSUAL CONDITIONS - NO UNUSUAL CONDITIONS,,A,DAYLIGHT,,,,,,,A,NO PEDESTRIANS INVOLVED,,A,22107,,1,INTERNATIONAL BL,2,,,A,E,35.0,94TH AV,F,,D,7/29/2024 10:27:55 AM,1/29/2025 2:45:19 PM,,,2,,,,,,,
2847955,21-034364,2,False,0109,7/24/2021 9:34:00 PM,2134,34X,14,109,Oakland,1,True,True,A,HEAD-ON,,Saturday,,,M,,False,False,False,,I,FIXED OBJECT,,0,0,CLOUDY,,NO UNUSUAL CONDITIONS - NO UNUSUAL CONDITIONS,,C,DARK-STREET LIGHTS,,,,,,,A,NO PEDESTRIANS INVOLVED,,A,22107,,1,90TH AV,2,,,A,S,60.0,MACARTHUR BL,F,,D,7/29/2024 10:27:54 AM,1/29/2025 2:45:19 PM,,,2,,,,,,,
2847954,21-033942,2,False,0109,7/22/2021 8:07:00 AM,807,27X,14,109,Oakland,1,True,True,H,OTHER,,Thursday,,,M,,False,False,False,,C,OTHER MOTOR VEHICLE,,0,0,CLEAR,,NO UNUSUAL CONDITIONS - NO UNUSUAL CONDITIONS,,A,DAYLIGHT,,,,,,,A,NO PEDESTRIANS INVOLVED,,B,,,1,HIGH ST,2,,,A,,,HIGH ST  1630,,,D,7/29/2024 10:27:54 AM,1/29/2025 2:45:19 PM,,,2,,,,,,,
2847953,21-034501,2,False,0109,7/25/2021 5:46:00 PM,1746,31X,14,109,Oakland,1,True,True,D,BROADSIDE,,Sunday,,,,,False,False,False,,C,OTHER MOTOR VEHICLE,,0,0,CLEAR,,,,A,DAYLIGHT,,,,,,,A,NO PEDESTRIANS INVOLVED,,A,21453A,,1,HEGENBERGER RD,2,,,A,,,RT 880,,,A,7/29/2024 10:27:54 AM,1/29/2025 2:45:19 PM,,,2,,,,,,,
2847952,21-033944,2,False,0109,7/22/2021 8:15:00 AM,815,20X,14,109,Oakland,1,True,True,D,BROADSIDE,,Thursday,,,,,False,False,False,,C,OTHER MOTOR VEHICLE,,0,0,CLEAR,,NO UNUSUAL CONDITIONS - NO UNUSUAL CONDITIONS,,A,DAYLIGHT,,,,,,,A,NO PEDESTRIANS INVOLVED,,A,22450A,,1,E 12TH ST,1,,,A,,,25TH AV,,,A,7/29/2024 10:27:54 AM,1/29/2025 2:45:19 PM,,,2,,,,,,,
2847951,21-033768,2,False,0109,7/21/2021 7:17:00 AM,717,09X,14,109,Oakland,1,True,True,B,SIDE SWIPE,,Wednesday,,,,,False,False,True,,E,PARKED MOTOR VEHICLE,,0,0,CLEAR,,NO UNUSUAL CONDITIONS - NO UNUSUAL CONDITIONS,,A,DAYLIGHT,,,,,,,A,NO PEDESTRIANS INVOLVED,,C,,,,45TH ST,1,,,A,E,50.0,MANILA AV,F,,A,7/29/2024 10:27:54 AM,1/29/2025 2:45:19 PM,,,2,,,,,,,
2847950,21-032132,2,False,0109,7/11/2021 4:30:00 PM,1630,23X,14,109,Oakland,1,True,True,D,BROADSIDE,,Sunday,,,,,False,False,False,,E,PARKED MOTOR VEHICLE,,0,0,CLEAR,,NO UNUSUAL CONDITIONS - NO UNUSUAL CONDITIONS,,A,DAYLIGHT,,,,,,,A,NO PEDESTRIANS INVOLVED,,A,22107,,1,FRUITVALE AV,2,,,A,,,E 16TH ST,,,D,7/29/2024 10:27:54 AM,1/29/2025 2:45:19 PM,,,2,,,,,,,
2847944,21-029595,2,False,0109,6/27/2021 3:09:00 AM,309,23X,14,109,Oakland,1,True,True,B,SIDE SWIPE,,Sunday,,,M,,False,False,False,,E,PARKED MOTOR VEHICLE,,0,0,CLEAR,,NO UNUSUAL CONDITIONS - NO UNUSUAL CONDITIONS,,C,DARK-STREET LIGHTS,,,,,,,A,NO PEDESTRIANS INVOLVED,,A,22107,,1,HIGH ST,2,,,A,N,20.0,INTERNATIONAL BL,F,,D,7/29/2024 10:27:53 AM,1/29/2025 2:45:19 PM,,,2,,,,,,,