collision-id,report-number,report-version,is-preliminary,ncic-code,crash-date-time,crash-time-description,beat,city-id,city-code,city-name,county-code,city-is-active,city-is-incorporated,collision-type-code,collision-type-description,collision-type-other-desc,day-of-week,dispatch-notified,has-photographs,hit-run,is-attachments-mailed,is-deleted,is-highway-related,is-tow-away,judicial-district,motor-vehicle-involved-with-code,motor-vehicle-involved-with-desc,motor-vehicle-involved-with-other-desc,number-injured,number-killed,weather-1,weather-2,road-condition-1,road-condition-2,special-condition-lighting-code,lighting-description,latitude,longitude,milepost-direction,milepost-distance,milepost-marker,milepost-unit-of-measure,pedestrian-action-code,pedestrian-action-desc,prepared-date,primary-collision-factor-code,primary-collision-factor-violation,primary-collision-factor-is-cited,primary-collision-party-number,primary-road,reporting-district,reporting-district-code,reviewed-date,roadway-surface-code,secondary-direction,secondary-distance,secondary-road,secondary-unit-of-measure,sketch-desc,traffic-control-device-code,created-date,modified-date,is-county-road,is-freeway,chp-555-version,is-additonal-object-struck,notification-date,notification-time-description,has-digital-media-files,evidence-number,is-location-refer-to-narrative,is-aoi-one-same-as-location
2872951,21-034612,2,False,0109,7/26/2021 9:48:00 AM,948,29X,14,109,Oakland,1,True,True,B,SIDE SWIPE,,Monday,,,M,,False,False,False,,E,PARKED MOTOR VEHICLE,,0,0,CLEAR,,NO UNUSUAL CONDITIONS - NO UNUSUAL CONDITIONS,,A,DAYLIGHT,,,,,,,A,NO PEDESTRIANS INVOLVED,,A,22107,,1,62ND AV,2,,,A,S,20.0,MAURITANIA AV,F,,D,7/29/2024 11:21:29 AM,1/29/2025 3:01:42 PM,,,2,,,,,,,
2872950,21-039195,2,False,0109,8/21/2021 6:58:00 PM,1858,30X,14,109,Oakland,1,True,True,B,SIDE SWIPE,,Saturday,,,M,,False,False,False,,C,OTHER MOTOR VEHICLE,,0,0,CLEAR,,NO UNUSUAL CONDITIONS - NO UNUSUAL CONDITIONS,,A,DAYLIGHT,,,,,,,A,NO PEDESTRIANS INVOLVED,,A,22106,,1,73RD AV,2,,,A,,,HOLLY ST,,,C,7/29/2024 11:21:29 AM,1/29/2025 3:01:42 PM,,,2,,,,,,,
2872949,21-033676,2,False,0109,7/20/2021 3:35:00 PM,1535,21Y,14,109,Oakland,1,True,True,B,SIDE SWIPE,,Tuesday,,,M,,False,False,False,,C,OTHER MOTOR VEHICLE,,0,0,CLEAR,,NO UNUSUAL CONDITIONS - NO UNUSUAL CONDITIONS,,A,DAYLIGHT,,,,,,,A,NO PEDESTRIANS INVOLVED,,A,22107,,1,SCHOOL ST,1,,,A,E,100.0,COOLIDGE ST,F,,D,7/29/2024 11:21:29 AM,1/29/2025 3:01:42 PM,,,2,,,,,,,
2872948,21-030827,2,False,0109,7/4/2021 1:52:00 AM,152,27X,14,109,Oakland,1,True,True,B,SIDE SWIPE,,Sunday,,,,,False,False,False,,E,PARKED MOTOR VEHICLE,,0,0,CLEAR,,NO UNUSUAL CONDITIONS - NO UNUSUAL CONDITIONS,,C,DARK-STREET LIGHTS,,,,,,,A,NO PEDESTRIANS INVOLVED,,A,22107,,1,62ND AV,2,,,A,N,25.0,16TH ST,F,,D,7/29/2024 11:21:29 AM,1/29/2025 3:01:42 PM,,,2,,,,,,,
2872947,21-033407,2,False,0109,7/18/2021 9:49:00 PM,2149,33X,14,109,Oakland,1,True,True,C,REAR END,,Sunday,,,,,False,False,False,,C,OTHER MOTOR VEHICLE,,0,0,CLEAR,,NO UNUSUAL CONDITIONS - NO UNUSUAL CONDITIONS,,C,DARK-STREET LIGHTS,,,,,,,A,NO PEDESTRIANS INVOLVED,,A,23152A,,1,INTERNATIONAL BL,2,,,A,W,20.0,98TH AV,F,,A,7/29/2024 11:21:28 AM,1/29/2025 3:01:42 PM,,,2,,,,,,,
2872946,21-031123,2,False,0109,7/6/2021 1:16:00 AM,116,15X,14,109,Oakland,1,True,True,E,HIT OBJECT,,Tuesday,,,,,False,False,False,,I,FIXED OBJECT,,0,0,CLEAR,,NO UNUSUAL CONDITIONS - NO UNUSUAL CONDITIONS,,C,DARK-STREET LIGHTS,,,,,,,A,NO PEDESTRIANS INVOLVED,,A,22107,,1,E 18TH ST,1,,,A,E,30.0,LAKESHORE,F,,A,7/29/2024 11:21:28 AM,1/29/2025 3:01:42 PM,,,2,,,,,,,
2872945,21-030813,2,False,0109,7/3/2021 11:32:00 PM,2332,18X,14,109,Oakland,1,True,True,D,BROADSIDE,,Saturday,,,M,,False,False,True,,C,OTHER MOTOR VEHICLE,,0,0,CLEAR,,NO UNUSUAL CONDITIONS - NO UNUSUAL CONDITIONS,,C,DARK-STREET LIGHTS,,,,,,,A,NO PEDESTRIANS INVOLVED,,A,23152A,,1,21ST AV,1,,,A,,,19TH ST,,,A,7/29/2024 11:21:28 AM,1/29/2025 3:01:42 PM,,,2,,,,,,,
2872944,21-030790,2,False,0109,7/3/2021 8:22:00 PM,2022,34X,14,109,Oakland,1,True,True,B,SIDE SWIPE,,Saturday,,,M,,False,False,False,,C,OTHER MOTOR VEHICLE,,0,0,CLEAR,,NO UNUSUAL CONDITIONS - NO UNUSUAL CONDITIONS,,A,DAYLIGHT,,,,,,,A,NO PEDESTRIANS INVOLVED,,A,23152A,,1,WALNUT ST,2,,,A,E,81.0,96TH AV,F,,D,7/29/2024 11:21:28 AM,1/29/2025 3:01:42 PM,,,2,,,,,,,
2872940,21-027665,2,False,0109,6/15/2021 11:18:00 PM,2318,16Y,14,109,Oakland,1,True,True,E,HIT OBJECT,,Tuesday,,,,,False,False,True,,I,FIXED OBJECT,,0,0,CLEAR,,NO UNUSUAL CONDITIONS - NO UNUSUAL CONDITIONS,,C,DARK-STREET LIGHTS,,,,,,,A,NO PEDESTRIANS INVOLVED,,A,23152A,,1,PARK BL,1,,,A,S,130.0,ESTATES DR,F,,D,7/29/2024 11:21:27 AM,1/29/2025 3:01:40 PM,,,2,,,,,,,
2872939,21-034130,2,False,0109,7/23/2021 9:24:00 AM,924,28X,14,109,Oakland,1,True,True,A,HEAD-ON,,Friday,,,,,False,False,False,,I,FIXED OBJECT,,0,0,CLEAR,,NO UNUSUAL CONDITIONS - NO UNUSUAL CONDITIONS,,A,DAYLIGHT,,,,,,,A,NO PEDESTRIANS INVOLVED,,A,22107,,1,SEMINARY AV,2,,,A,S,50.0,MACARTHUR BL,F,,D,7/29/2024 11:21:27 AM,1/29/2025 3:01:40 PM,,,2,,,,,,,
2872938,21-027173,2,False,0109,6/12/2021 9:36:00 PM,2136,24X,14,109,Oakland,1,True,True,A,HEAD-ON,,Saturday,,,,,False,False,True,,E,PARKED MOTOR VEHICLE,,0,0,CLEAR,,NO UNUSUAL CONDITIONS - NO UNUSUAL CONDITIONS,,C,DARK-STREET LIGHTS,,,,,,,A,NO PEDESTRIANS INVOLVED,,A,23152A,,1,CARRINGTON ST,2,,,A,W,25.0,38TH AV,F,,A,7/29/2024 11:21:27 AM,1/29/2025 3:01:40 PM,,,2,,,,,,,
2872936,21-025697,2,False,0109,6/5/2021 2:39:00 AM,239,30X,14,109,Oakland,1,True,True,E,HIT OBJECT,,Saturday,,,M,,False,False,False,,I,FIXED OBJECT,,0,0,CLEAR,,NO UNUSUAL CONDITIONS - NO UNUSUAL CONDITIONS,,C,DARK-STREET LIGHTS,,,,,,,A,NO PEDESTRIANS INVOLVED,,A,22107,,1,73RD AV,2,,,A,N,30.0,WELD ST,F,,D,7/29/2024 11:21:27 AM,1/29/2025 3:01:40 PM,,,2,,,,,,,
2872935,21-028438,2,False,0109,6/20/2021 5:58:00 PM,1758,20X,14,109,Oakland,1,True,True,F,OVERTURNED,,Sunday,,,,,False,False,False,,E,PARKED MOTOR VEHICLE,,0,0,CLEAR,,NO UNUSUAL CONDITIONS - NO UNUSUAL CONDITIONS,,B,DUSK-DAWN,,,,,,,A,NO PEDESTRIANS INVOLVED,,A,22107,,1,27TH AV,1,,,A,N,200.0,E 16TH ST,F,,D,7/29/2024 11:21:27 AM,1/29/2025 3:01:40 PM,,,2,,,,,,,
2872934,21-028804,2,False,0109,6/22/2021 3:45:00 PM,1545,21X,14,109,Oakland,1,True,True,D,BROADSIDE,,Tuesday,,,M,,False,False,False,,C,OTHER MOTOR VEHICLE,,0,0,CLEAR,,NO UNUSUAL CONDITIONS - NO UNUSUAL CONDITIONS,,A,DAYLIGHT,,,,,,,A,NO PEDESTRIANS INVOLVED,,A,21804A,,1,COOLIDGE AV,1,,,A,N,15.0,FOOTHILL BL,F,,D,7/29/2024 11:21:27 AM,1/29/2025 3:01:40 PM,,,2,,,,,,,
2872933,21-028288,2,False,0109,6/19/2021 3:20:00 PM,1520,08X,14,109,Oakland,1,True,True,D,BROADSIDE,,Saturday,,,,,False,False,False,,C,OTHER MOTOR VEHICLE,,0,0,CLEAR,,NO UNUSUAL CONDITIONS - NO UNUSUAL CONDITIONS,,A,DAYLIGHT,,,,,,,A,NO PEDESTRIANS INVOLVED,,A,21802A,,1,MANILA AV,1,,,A,,,40TH ST,,,A,7/29/2024 11:21:27 AM,1/29/2025 3:01:40 PM,,,2,,,,,,,
2872927,21-024211,2,False,0109,5/27/2021 12:49:00 AM,49,17X,14,109,Oakland,1,True,True,D,BROADSIDE,,Thursday,,,,,False,False,False,,C,OTHER MOTOR VEHICLE,,0,0,CLEAR,,,,D,DARK-NO STREET LIGHTS,,,,,,,A,NO PEDESTRIANS INVOLVED,,A,21453A,,,BEAUMONT AV,1,,,A,,,MACARTHUR BL,,,A,7/29/2024 11:21:26 AM,1/29/2025 3:01:40 PM,,,2,,,,,,,
2872925,21-018628,2,False,0109,4/24/2021 4:17:00 AM,417,19X,14,109,Oakland,1,True,True,B,SIDE SWIPE,,Saturday,,,M,,False,False,False,,E,PARKED MOTOR VEHICLE,,0,0,CLEAR,,NO UNUSUAL CONDITIONS - NO UNUSUAL CONDITIONS,,C,DARK-STREET LIGHTS,,,,,,,A,NO PEDESTRIANS INVOLVED,,A,22107,,1,21ST AV,1,,,A,,,MARIN WY,,,D,7/29/2024 11:21:26 AM,1/29/2025 3:01:40 PM,,,2,,,,,,,
2872924,21-024580,2,False,0109,5/29/2021 2:58:00 AM,258,29X,14,109,Oakland,1,True,True,B,SIDE SWIPE,,Saturday,,,,,False,False,True,,E,PARKED MOTOR VEHICLE,,0,0,RAINING,,NO UNUSUAL CONDITIONS - NO UNUSUAL CONDITIONS,,C,DARK-STREET LIGHTS,,,,,,,A,NO PEDESTRIANS INVOLVED,,A,23152A,,1,BANCROFT AV,2,,,B,W,100.0,63RD AV,F,,D,7/29/2024 11:21:26 AM,1/29/2025 3:01:40 PM,,,2,,,,,,,
2872923,21-018912,2,False,0109,4/25/2021 7:50:00 PM,1950,30X,14,109,Oakland,1,True,True,A,HEAD-ON,,Sunday,,,M,,False,False,False,,C,OTHER MOTOR VEHICLE,,0,0,CLOUDY,,NO UNUSUAL CONDITIONS - NO UNUSUAL CONDITIONS,,B,DUSK-DAWN,,,,,,,A,NO PEDESTRIANS INVOLVED,,A,21453A,,,BANCROFT AV,2,,,A,,,77TH AV,,,A,7/29/2024 11:21:25 AM,1/29/2025 3:01:40 PM,,,2,,,,,,,
2872922,21-016243,2,False,0109,4/10/2021 2:45:00 AM,245,19X,14,109,Oakland,1,True,True,B,SIDE SWIPE,,Saturday,,,,,False,False,True,,E,PARKED MOTOR VEHICLE,,0,0,CLEAR,,NO UNUSUAL CONDITIONS - NO UNUSUAL CONDITIONS,,C,DARK-STREET LIGHTS,,,,,,,A,NO PEDESTRIANS INVOLVED,,A,22107,,1,INTERNATIONAL BL,1,,,A,W,100.0,15TH AV,F,,D,7/29/2024 11:21:25 AM,1/29/2025 3:01:40 PM,,,2,,,,,,,
2872921,21-012341,2,False,0109,3/17/2021 1:52:00 PM,1352,13Y,14,109,Oakland,1,True,True,F,OVERTURNED,,Wednesday,,,,,False,False,False,,I,FIXED OBJECT,,0,0,CLEAR,,NO UNUSUAL CONDITIONS - NO UNUSUAL CONDITIONS,,A,DAYLIGHT,,,,,,,A,NO PEDESTRIANS INVOLVED,,A,22107A,,1,GRIZZLY PEAK BL,1,,,A,N,1500.0,GOLF COURSE DR,F,,A,7/29/2024 11:21:25 AM,1/29/2025 3:01:40 PM,,,2,,,,,,,
2872920,21-009527,2,False,0109,2/28/2021 3:52:00 PM,1552,34X,14,109,Oakland,1,True,True,D,BROADSIDE,,Sunday,,,M,,False,False,True,,C,OTHER MOTOR VEHICLE,,0,0,CLEAR,,NO UNUSUAL CONDITIONS - NO UNUSUAL CONDITIONS,,A,DAYLIGHT,,,,,,,A,NO PEDESTRIANS INVOLVED,,A,21460A,,1,98TH AV,2,,,A,,,PLYMOUTH ST,,,A,7/29/2024 11:21:25 AM,1/29/2025 3:01:40 PM,,,2,,,,,,,
2872919,21-006182,2,False,0109,2/8/2021 9:56:00 AM,956,04X,14,109,Oakland,1,True,True,C,REAR END,,Monday,,,,,False,False,False,,C,OTHER MOTOR VEHICLE,,0,0,CLEAR,,NO UNUSUAL CONDITIONS - NO UNUSUAL CONDITIONS,,A,DAYLIGHT,,,,,,,B,CROSSING IN CROSS WALK AT INTERSECTION,,A,22350,,1,LAKESIDE DR,1,,,A,,,JACKSON ST,,,A,7/29/2024 11:21:25 AM,1/29/2025 3:01:40 PM,,,2,,,,,,,
2872917,21-006595,2,False,0109,2/10/2021 2:19:00 PM,1419,05X,14,109,Oakland,1,True,True,D,BROADSIDE,,Wednesday,,,,,False,False,False,,G,BICYCLE,,1,0,CLEAR,,NO UNUSUAL CONDITIONS - NO UNUSUAL CONDITIONS,,A,DAYLIGHT,,,,,,,A,NO PEDESTRIANS INVOLVED,,A,21453A,,1,18TH ST,1,,,A,,,MARKET ST,,,A,7/29/2024 11:21:25 AM,1/29/2025 3:01:40 PM,,,2,,,,,,,
2872916,21-001928,2,False,0109,1/12/2021 6:00:00 PM,1800,24X,14,109,Oakland,1,True,True,B,SIDE SWIPE,,Tuesday,,,M,,False,False,False,,C,OTHER MOTOR VEHICLE,,0,0,CLEAR,,,,C,DARK-STREET LIGHTS,,,,,,,A,NO PEDESTRIANS INVOLVED,,A,22450A,,1,INTERNATIONAL BL,2,,,A,,,87TH AV,,,D,7/29/2024 11:21:25 AM,1/29/2025 3:01:40 PM,,,2,,,,,,,
2872914,21-059067,2,False,0109,12/18/2021 8:28:00 AM,828,14X,14,109,Oakland,1,True,True,G,VEHICLE/PEDESTRAIN,,Saturday,,,,,False,False,False,,B,PEDESTRIAN,,1,0,CLEAR,,NO UNUSUAL CONDITIONS - NO UNUSUAL CONDITIONS,,A,DAYLIGHT,,,,,,,B,CROSSING IN CROSS WALK AT INTERSECTION,,A,21950A,,1,MANDANA BL,1,,,A,,,WALKER AV,,,A,7/29/2024 11:21:24 AM,1/29/2025 3:01:39 PM,,,2,,,,,,,
2872913,21-060692,2,False,0109,12/29/2021 5:26:00 PM,1726,12Y,14,109,Oakland,1,True,True,H,OTHER,,Wednesday,,,,,False,False,False,,J,OTHER OBJECT,,1,0,RAINING,WIND,NO UNUSUAL CONDITIONS - NO UNUSUAL CONDITIONS,,D,DARK-NO STREET LIGHTS,,,,,,,F,NOT IN ROAD,,C,,,,SHEPHERD CANYON RD,1,,,B,,,ESCHER RD,,,D,7/29/2024 11:21:24 AM,1/29/2025 3:01:39 PM,,,2,,,,,,,
2872911,21-059758,2,False,0109,12/22/2021 7:48:00 PM,1948,26X,14,109,Oakland,1,True,True,C,REAR END,,Wednesday,,,,,False,False,False,,C,OTHER MOTOR VEHICLE,,1,0,CLEAR,,NO UNUSUAL CONDITIONS - NO UNUSUAL CONDITIONS,,C,DARK-STREET LIGHTS,,,,,,,A,NO PEDESTRIANS INVOLVED,,A,21453A,,1,73RD AV,2,,,B,,,HAMILTON ST,,,A,7/29/2024 11:21:24 AM,1/29/2025 3:01:39 PM,,,2,,,,,,,
2872910,21-059008,2,False,0109,12/17/2021 10:19:00 PM,2219,03X,14,109,Oakland,1,True,True,D,BROADSIDE,,Friday,,,,,False,False,False,,C,OTHER MOTOR VEHICLE,,2,0,CLEAR,,NO UNUSUAL CONDITIONS - NO UNUSUAL CONDITIONS,,C,DARK-STREET LIGHTS,,,,,,,A,NO PEDESTRIANS INVOLVED,,A,21453,,,9TH ST,1,,,A,,,HARRISON ST,,,A,7/29/2024 11:21:24 AM,1/29/2025 3:01:39 PM,,,2,,,,,,,
2872909,21-059602,2,False,0109,12/21/2021 8:02:00 PM,2002,02X,14,109,Oakland,1,True,True,D,BROADSIDE,,Tuesday,,,,,False,False,False,,C,OTHER MOTOR VEHICLE,,2,0,RAINING,,,,C,DARK-STREET LIGHTS,,,,,,,A,NO PEDESTRIANS INVOLVED,,A,21801A,,1,7TH ST,1,,,B,,,FILBERT ST,,,D,7/29/2024 11:21:23 AM,1/29/2025 3:01:39 PM,,,2,,,,,,,
2872908,21-057874,2,False,0109,12/1/2021 10:40:00 AM,1040,19X,14,109,Oakland,1,True,True,D,BROADSIDE,,Wednesday,,,M,,False,False,True,,C,OTHER MOTOR VEHICLE,,1,0,CLEAR,,NO UNUSUAL CONDITIONS - NO UNUSUAL CONDITIONS,,A,DAYLIGHT,,,,,,,A,NO PEDESTRIANS INVOLVED,,A,21453A,,1,INTERNATIONAL BL,1,,,A,,,21ST ST,,,A,7/29/2024 11:21:23 AM,1/29/2025 3:01:39 PM,,,2,,,,,,,
2872907,21-057051,2,False,0109,12/5/2021 5:41:00 PM,1741,19X,14,109,Oakland,1,True,True,D,BROADSIDE,,Sunday,,,,,False,False,False,,C,OTHER MOTOR VEHICLE,,1,0,CLEAR,,NO UNUSUAL CONDITIONS - NO UNUSUAL CONDITIONS,,A,DAYLIGHT,,,,,,,A,NO PEDESTRIANS INVOLVED,,A,21802A,,1,21ST AV,1,,,A,,,FOOTHILL AV,,,A,7/29/2024 11:21:23 AM,1/29/2025 3:01:39 PM,,,2,,,,,,,
2872906,21-059883,2,False,0109,12/23/2021 3:37:00 PM,1537,06X,14,109,Oakland,1,True,True,A,HEAD-ON,,Thursday,,,M,,False,False,False,,B,PEDESTRIAN,,1,0,CLEAR,,NO UNUSUAL CONDITIONS - NO UNUSUAL CONDITIONS,,A,DAYLIGHT,,,,,,,B,CROSSING IN CROSS WALK AT INTERSECTION,,A,21950A,,1,MARKET ST,1,,,B,,,36TH ST,,,A,7/29/2024 11:21:23 AM,1/29/2025 3:01:39 PM,,,2,,,,,,,
2872905,21-058100,2,False,0109,12/11/2021 5:54:00 PM,1754,25X,14,109,Oakland,1,True,True,A,HEAD-ON,,Saturday,,,,,False,False,False,,C,OTHER MOTOR VEHICLE,,1,0,CLEAR,,,,C,DARK-STREET LIGHTS,,,,,,,A,NO PEDESTRIANS INVOLVED,,A,21453A,,1,MACARTHUR BL,1,,,A,,,LOMA VISTA AV,,,A,7/29/2024 11:21:23 AM,1/29/2025 3:01:39 PM,,,2,,,,,,,
2872904,21-058904,2,False,0109,12/17/2021 9:09:00 AM,909,19X,14,109,Oakland,1,True,True,A,HEAD-ON,,Friday,,,F,,False,False,False,,C,OTHER MOTOR VEHICLE,,1,0,,,NO UNUSUAL CONDITIONS - NO UNUSUAL CONDITIONS,,A,DAYLIGHT,,,,,,,A,NO PEDESTRIANS INVOLVED,,A,21453A,,1,20TH AV,1,,,A,,,INTERNATIONAL BL,,,A,7/29/2024 11:21:23 AM,1/29/2025 3:01:39 PM,,,2,,,,,,,
2872903,21-060700,2,False,0109,12/29/2021 7:14:00 PM,1914,18X,14,109,Oakland,1,True,True,B,SIDE SWIPE,,Wednesday,,,,,False,False,False,,D,MOTOR VEHICLE ON OTHER ROADWAY,,1,0,CLOUDY,RAINING,OTHER* - OTHER*,,C,DARK-STREET LIGHTS,,,,,,,A,NO PEDESTRIANS INVOLVED,,A,22450A,,1,E 21ST ST,1,,,B,,,21ST AV,,,C,7/29/2024 11:21:23 AM,1/29/2025 3:01:39 PM,,,2,,,,,,,
2872902,21-056579,2,False,0109,12/2/2021 9:43:00 PM,2143,27X,14,109,Oakland,1,True,True,D,BROADSIDE,,Thursday,,,M,,False,False,False,,C,OTHER MOTOR VEHICLE,,1,0,CLOUDY,,NO UNUSUAL CONDITIONS - NO UNUSUAL CONDITIONS,,C,DARK-STREET LIGHTS,,,,,,,A,NO PEDESTRIANS INVOLVED,,A,22450A,,1,48TH AV,2,,,A,,,BANCROFT AV,,,D,7/29/2024 11:21:22 AM,1/29/2025 3:01:39 PM,,,2,,,,,,,
2872901,21-056349,2,False,0109,12/1/2021 7:05:00 PM,1905,04X,14,109,Oakland,1,True,True,B,SIDE SWIPE,,Wednesday,,,,,False,False,False,,C,OTHER MOTOR VEHICLE,,1,0,CLEAR,,NO UNUSUAL CONDITIONS - NO UNUSUAL CONDITIONS,,C,DARK-STREET LIGHTS,,,,,,,A,NO PEDESTRIANS INVOLVED,,A,21453A,,1,HARRISON ST,1,,,A,,,GRAND AV,,,A,7/29/2024 11:21:22 AM,1/29/2025 3:01:39 PM,,,2,,,,,,,
2872899,21-059331,2,False,0109,12/20/2021 3:44:00 AM,344,19X,14,109,Oakland,1,True,True,D,BROADSIDE,,Monday,,,,,False,False,False,,C,OTHER MOTOR VEHICLE,,1,0,CLEAR,,NO UNUSUAL CONDITIONS - NO UNUSUAL CONDITIONS,,C,DARK-STREET LIGHTS,,,,,,,A,NO PEDESTRIANS INVOLVED,,A,21453A,,1,22ND AV,1,,,A,,,INTERNATIONAL BL,,,A,7/29/2024 11:21:22 AM,1/29/2025 3:01:39 PM,,,2,,,,,,,
2872898,21-058135,2,False,0109,12/11/2021 11:18:00 PM,2318,14X,14,109,Oakland,1,True,True,B,SIDE SWIPE,,Saturday,,,M,,False,False,False,,C,OTHER MOTOR VEHICLE,,2,0,CLEAR,,NO UNUSUAL CONDITIONS - NO UNUSUAL CONDITIONS,,C,DARK-STREET LIGHTS,,,,,,,A,NO PEDESTRIANS INVOLVED,,A,21460A,,1,GRAND AV,1,,,A,N,437.0,SANTA CLARA AV,F,,A,7/29/2024 11:21:21 AM,1/29/2025 3:01:39 PM,,,2,,,,,,,
2872894,21-053127,2,False,0109,11/11/2021 10:04:00 PM,2204,03X,14,109,Oakland,1,True,True,D,BROADSIDE,,Thursday,,,,,False,False,False,,C,OTHER MOTOR VEHICLE,,1,0,CLEAR,,NO UNUSUAL CONDITIONS - NO UNUSUAL CONDITIONS,,C,DARK-STREET LIGHTS,,,,,,,A,NO PEDESTRIANS INVOLVED,,A,21453A,,1,8TH ST,1,,,A,,,HARRISON ST,,,A,7/29/2024 11:21:21 AM,1/29/2025 3:01:39 PM,,,2,,,,,,,
2872892,21-059162,2,False,0109,12/18/2021 9:18:00 PM,2118,33X,14,109,Oakland,1,True,True,D,BROADSIDE,,Saturday,,,F,,False,False,False,,C,OTHER MOTOR VEHICLE,,1,0,CLEAR,,NO UNUSUAL CONDITIONS - NO UNUSUAL CONDITIONS,,C,DARK-STREET LIGHTS,,,,,,,A,NO PEDESTRIANS INVOLVED,,A,22450A,,1,87TH AV,2,,,A,,,A ST,,,D,7/29/2024 11:21:20 AM,1/29/2025 3:01:39 PM,,,2,,,,,,,
2872891,21-052001,2,False,0109,11/5/2021 9:45:00 AM,945,26X,14,109,Oakland,1,True,True,D,BROADSIDE,,Friday,,,,,False,False,False,,C,OTHER MOTOR VEHICLE,,2,0,CLEAR,,NO UNUSUAL CONDITIONS - NO UNUSUAL CONDITIONS,,A,DAYLIGHT,,,,,,,A,NO PEDESTRIANS INVOLVED,,A,21802A,,1,SAN LEANDRO ST,2,,,A,,,52ND AV,,,A,7/29/2024 11:21:20 AM,1/29/2025 3:01:39 PM,,,2,,,,,,,
2872886,21-054180,2,False,0109,11/18/2021 8:24:00 AM,824,03X,14,109,Oakland,1,True,True,D,BROADSIDE,,Thursday,,,,,False,False,True,,C,OTHER MOTOR VEHICLE,,1,0,CLEAR,,NO UNUSUAL CONDITIONS - NO UNUSUAL CONDITIONS,,A,DAYLIGHT,,,,,,,A,NO PEDESTRIANS INVOLVED,,A,21453A,,1,11TH ST,1,,,A,,,FRANKLIN ST,,,A,7/29/2024 11:21:20 AM,1/29/2025 3:01:39 PM,,,2,,,,,,,
2872885,21-051619,2,False,0109,11/3/2021 8:25:00 AM,825,30X,14,109,Oakland,1,True,True,D,BROADSIDE,,Wednesday,,,,,False,False,False,,C,OTHER MOTOR VEHICLE,,6,0,CLEAR,,NO UNUSUAL CONDITIONS - NO UNUSUAL CONDITIONS,,A,DAYLIGHT,,,,,,,A,NO PEDESTRIANS INVOLVED,,A,21802A,,1,BANCROFT AV,2,,,A,,,81ST AV,,,A,7/29/2024 11:21:20 AM,1/29/2025 3:01:39 PM,,,2,,,,,,,
2872881,21-050961,2,False,0109,10/30/2021 12:54:00 PM,1254,34X,14,109,Oakland,1,True,True,B,SIDE SWIPE,,Saturday,,,M,,False,False,False,,C,OTHER MOTOR VEHICLE,,2,0,CLEAR,,NO UNUSUAL CONDITIONS - NO UNUSUAL CONDITIONS,,A,DAYLIGHT,,,,,,,A,NO PEDESTRIANS INVOLVED,,A,22350,,1,BANCROFT AV,2,,,A,E,100.0,90TH AV,F,,D,7/29/2024 11:21:19 AM,1/29/2025 3:01:38 PM,,,2,,,,,,,
2872880,21-046072,2,False,0109,10/2/2021 11:33:00 AM,1133,17X,14,109,Oakland,1,True,True,D,BROADSIDE,,Saturday,,,M,,False,False,False,,C,OTHER MOTOR VEHICLE,,1,0,CLEAR,,NO UNUSUAL CONDITIONS - NO UNUSUAL CONDITIONS,,A,DAYLIGHT,,,,,,,A,NO PEDESTRIANS INVOLVED,,A,21453A,,1,E 18TH ST,1,,,A,,,5TH AV,,,A,7/29/2024 11:21:19 AM,1/29/2025 3:01:38 PM,,,2,,,,,,,
2872879,21-046113,2,False,0109,10/2/2021 7:01:00 PM,1901,14Y,14,109,Oakland,1,True,True,D,BROADSIDE,,Saturday,,,,,False,False,False,,C,OTHER MOTOR VEHICLE,,1,0,CLEAR,,NO UNUSUAL CONDITIONS - NO UNUSUAL CONDITIONS,,C,DARK-STREET LIGHTS,,,,,,,A,NO PEDESTRIANS INVOLVED,,A,21460A,,1,GRAND AV,1,,,A,N,430.0,SANTA CLARA AV,F,,D,7/29/2024 11:21:19 AM,1/29/2025 3:01:38 PM,,,2,,,,,,,
2872877,21-045665,2,False,0109,9/29/2021 7:13:00 PM,1913,32X,14,109,Oakland,1,True,True,B,SIDE SWIPE,,Wednesday,,,,,False,False,False,,C,OTHER MOTOR VEHICLE,,2,0,CLEAR,,NO UNUSUAL CONDITIONS - NO UNUSUAL CONDITIONS,,B,DUSK-DAWN,,,,,,,A,NO PEDESTRIANS INVOLVED,,A,22107,,1,SAN LEANDRO ST,2,,,A,E,50.0,ROYAL ST,F,,D,7/29/2024 11:21:18 AM,1/29/2025 3:01:38 PM,,,2,,,,,,,
2872876,21-033764,2,False,0109,7/21/2021 7:51:00 AM,751,14Y,14,109,Oakland,1,True,True,G,VEHICLE/PEDESTRAIN,,Wednesday,,,,,False,False,False,,B,PEDESTRIAN,,1,0,CLOUDY,,,,A,DAYLIGHT,,,,,,,B,CROSSING IN CROSS WALK AT INTERSECTION,,A,21950A,,1,LAKESHORE AV,1,,,A,N,8.0,BROOKLYN AV,F,,A,7/29/2024 11:21:18 AM,1/29/2025 3:01:37 PM,,,2,,,,,,,
2872875,21-045306,2,False,0109,9/27/2021 6:03:00 PM,1803,25X,14,109,Oakland,1,True,True,B,SIDE SWIPE,,Monday,,,,,False,False,True,,C,OTHER MOTOR VEHICLE,,1,0,CLOUDY,,NO UNUSUAL CONDITIONS - NO UNUSUAL CONDITIONS,,B,DUSK-DAWN,,,,,,,A,NO PEDESTRIANS INVOLVED,,A,21453A,,,35TH AV,2,,,B,,,MACARTHUR BL,,,A,7/29/2024 11:21:18 AM,1/29/2025 3:01:38 PM,,,2,,,,,,,
2872874,21-037092,2,False,0109,8/9/2021 8:36:00 PM,2036,19X,14,109,Oakland,1,True,True,A,HEAD-ON,,Monday,,,,,False,False,True,,C,OTHER MOTOR VEHICLE,,3,0,CLEAR,,NO UNUSUAL CONDITIONS - NO UNUSUAL CONDITIONS,,B,DUSK-DAWN,,,,,,,A,NO PEDESTRIANS INVOLVED,,A,,,1,10TH AV,1,,,A,,,E 12TH ST,,,A,7/29/2024 11:21:18 AM,1/29/2025 3:01:38 PM,,,2,,,,,,,
2872873,21-043228,2,False,0109,9/14/2021 10:08:00 PM,2208,14X,14,109,Oakland,1,True,True,D,BROADSIDE,,Tuesday,,,,,False,False,False,,G,BICYCLE,,1,0,CLEAR,,NO UNUSUAL CONDITIONS - NO UNUSUAL CONDITIONS,,C,DARK-STREET LIGHTS,,,,,,,A,NO PEDESTRIANS INVOLVED,,A,21650,,1,GRAND AV,1,,,A,S,10.0,EL EMBARCADERO,F,,A,7/29/2024 11:21:18 AM,1/29/2025 3:01:38 PM,,,2,,,,,,,