collision-id,report-number,report-version,is-preliminary,ncic-code,crash-date-time,crash-time-description,beat,city-id,city-code,city-name,county-code,city-is-active,city-is-incorporated,collision-type-code,collision-type-description,collision-type-other-desc,day-of-week,dispatch-notified,has-photographs,hit-run,is-attachments-mailed,is-deleted,is-highway-related,is-tow-away,judicial-district,motor-vehicle-involved-with-code,motor-vehicle-involved-with-desc,motor-vehicle-involved-with-other-desc,number-injured,number-killed,weather-1,weather-2,road-condition-1,road-condition-2,special-condition-lighting-code,lighting-description,latitude,longitude,milepost-direction,milepost-distance,milepost-marker,milepost-unit-of-measure,pedestrian-action-code,pedestrian-action-desc,prepared-date,primary-collision-factor-code,primary-collision-factor-violation,primary-collision-factor-is-cited,primary-collision-party-number,primary-road,reporting-district,reporting-district-code,reviewed-date,roadway-surface-code,secondary-direction,secondary-distance,secondary-road,secondary-unit-of-measure,sketch-desc,traffic-control-device-code,created-date,modified-date,is-county-road,is-freeway,chp-555-version,is-additonal-object-struck,notification-date,notification-time-description,has-digital-media-files,evidence-number,is-location-refer-to-narrative,is-aoi-one-same-as-location
2876730,21019739,2,False,0109,4/30/2021 7:23:00 PM,1923,35X,14,109,Oakland,1,True,True,B,SIDE SWIPE,,Friday,,,M,,False,False,True,,C,OTHER MOTOR VEHICLE,,0,0,CLEAR,,NO UNUSUAL CONDITIONS - NO UNUSUAL CONDITIONS,,C,DARK-STREET LIGHTS,,,,,,,A,NO PEDESTRIANS INVOLVED,,A,22107,,1,88TH AV,2,,,A,S,25.0,DOWLING ST,F,,D,7/29/2024 11:30:29 AM,1/29/2025 3:04:06 PM,,,2,,,,,,,
2876728,21034447,2,False,0109,7/25/2021 10:27:00 AM,1027,29X,14,109,Oakland,1,True,True,H,OTHER,,Sunday,,,,,False,False,False,,,,,0,0,CLEAR,,NO UNUSUAL CONDITIONS - NO UNUSUAL CONDITIONS,,A,DAYLIGHT,,,,,,,A,NO PEDESTRIANS INVOLVED,,D,,,,81ST AV,2,,,A,,,81ST AV 2307,,,D,7/29/2024 11:30:28 AM,1/29/2025 3:04:06 PM,,,2,,,,,,,
2876723,21-017004,2,False,0109,4/14/2021 9:50:00 AM,950,33X,14,109,Oakland,1,True,True,C,REAR END,,Wednesday,,,M,,False,False,False,,E,PARKED MOTOR VEHICLE,,0,0,CLEAR,,NO UNUSUAL CONDITIONS - NO UNUSUAL CONDITIONS,,C,DARK-STREET LIGHTS,,,,,,,A,NO PEDESTRIANS INVOLVED,,A,22107,,,83RD AV,5,,,A,S,100.0,SAN LEANDRO ST,F,,D,7/29/2024 11:30:27 AM,1/29/2025 3:04:06 PM,,,2,,,,,,,
2876719,21-003868,2,False,0109,2/28/2021 7:22:00 PM,1922,4X,14,109,Oakland,1,True,True,A,HEAD-ON,,Sunday,,,,,False,False,True,,,,,0,0,CLEAR,,NO UNUSUAL CONDITIONS - NO UNUSUAL CONDITIONS,,C,DARK-STREET LIGHTS,,,,,,,A,NO PEDESTRIANS INVOLVED,,A,21453A,,1,LAKE MERRITT BL,1,,,A,E,50.0,E 12TH ST,F,,A,7/29/2024 11:30:27 AM,1/29/2025 3:04:05 PM,,,2,,,,,,,
2876718,OHA21-0011921,2,False,0109,5/27/2021 12:38:00 PM,1238,21X,14,109,Oakland,1,True,True,E,HIT OBJECT,,Thursday,,,,,False,False,False,,A,NON-COLLISION,,0,0,CLEAR,,OBSTRUCTION ON ROADWAY* - OBSTRUCTION ON ROADWAY*,REDUCED ROADWAY WIDTH - REDUCED ROADWAY WIDTH,A,DAYLIGHT,,,,,,,,,,A,22107,,,E 21ST ST,3,,,A,E,100.0,24TH AV,F,,D,7/29/2024 11:30:27 AM,1/29/2025 3:04:05 PM,,,2,,,,,,,
2876717,21-009188,2,False,0109,2/22/2021 12:00:00 PM,1200,11X,14,109,Oakland,1,True,True,H,OTHER,,Monday,,,M,,False,False,False,,E,PARKED MOTOR VEHICLE,,0,0,CLEAR,,NO UNUSUAL CONDITIONS - NO UNUSUAL CONDITIONS,,A,DAYLIGHT,,,,,,,A,NO PEDESTRIANS INVOLVED,,A,22107,,,53RD ST,2,,,,E,100.0,SHATTUCK AV,F,,D,7/29/2024 11:30:27 AM,1/29/2025 3:04:05 PM,,,2,,,,,,,
2876712,21-045141,2,False,0109,9/27/2021 3:30:00 PM,1530,2X,14,109,Oakland,1,True,True,A,HEAD-ON,,Monday,,,M,,False,False,False,,C,OTHER MOTOR VEHICLE,,0,0,CLEAR,,NO UNUSUAL CONDITIONS - NO UNUSUAL CONDITIONS,,A,DAYLIGHT,,,,,,,A,NO PEDESTRIANS INVOLVED,,A,20002,,1,KIRKHAM ST,1,,,A,N,50.0,10TH ST,F,,D,7/29/2024 11:30:26 AM,1/29/2025 3:04:05 PM,,,2,,,,,,,
2876709,21-037052,2,False,0109,8/9/2021 3:00:00 PM,1500,35X,14,109,Oakland,1,True,True,H,OTHER,,Monday,,,,,False,False,False,,E,PARKED MOTOR VEHICLE,,0,0,CLEAR,,NO UNUSUAL CONDITIONS - NO UNUSUAL CONDITIONS,,A,DAYLIGHT,,,,,,,A,NO PEDESTRIANS INVOLVED,,A,22106,,2,MACARTHUR BL,5,,,A,W,50.0,94TH AV,F,,D,7/29/2024 11:30:26 AM,1/29/2025 3:04:05 PM,,,2,,,,,,,
2876707,21-049677,2,False,0109,10/22/2021 7:57:00 PM,1957,26,14,109,Oakland,1,True,True,E,HIT OBJECT,,Friday,,,M,,False,False,True,,I,FIXED OBJECT,,0,0,CLEAR,,NO UNUSUAL CONDITIONS - NO UNUSUAL CONDITIONS,,C,DARK-STREET LIGHTS,,,,,,,A,NO PEDESTRIANS INVOLVED,,A,22107,,1,66TH AV,5,,,A,S,100.0,SAN LEANDRO ST,F,,A,7/29/2024 11:30:26 AM,1/29/2025 3:04:05 PM,,,2,,,,,,,
2876639,21-001631,2,False,0109,1/10/2021 7:18:00 PM,1918,06X,14,109,Oakland,1,True,True,H,OTHER,,Sunday,,,M,,False,False,True,,C,OTHER MOTOR VEHICLE,,0,0,CLEAR,,NO UNUSUAL CONDITIONS - NO UNUSUAL CONDITIONS,,C,DARK-STREET LIGHTS,,,,,,,A,NO PEDESTRIANS INVOLVED,,A,22107,,1,54TH ST,1,,,A,,,DOVER ST,,,A,7/29/2024 11:30:16 AM,1/29/2025 3:04:03 PM,,,2,,,,,,,
2876637,21-016951,2,False,0109,4/14/2021 11:42:00 PM,2342,18X,14,109,Oakland,1,True,True,B,SIDE SWIPE,,Wednesday,,,,,False,False,False,,E,PARKED MOTOR VEHICLE,,0,0,CLEAR,,NO UNUSUAL CONDITIONS - NO UNUSUAL CONDITIONS,,C,DARK-STREET LIGHTS,,,,,,,A,NO PEDESTRIANS INVOLVED,,A,22107,,1,21ST AV,1,,,A,S,70.0,E 21ST ST,F,,D,7/29/2024 11:30:16 AM,1/29/2025 3:04:03 PM,,,2,,,,,,,
2876636,21-031787,2,False,0109,7/9/2021 3:08:00 PM,1508,27X,14,109,Oakland,1,True,True,G,VEHICLE/PEDESTRAIN,,Friday,,,F,,False,False,False,,B,PEDESTRIAN,,1,0,CLEAR,,NO UNUSUAL CONDITIONS - NO UNUSUAL CONDITIONS,,A,DAYLIGHT,,,,,,,C,CROSSING IN CROSS WALK - NOT AT INTERSECTION,,A,21453A,,1,55TH AV,2,,,A,S,10.0,FOOTHILL BL,F,,A,7/29/2024 11:30:16 AM,1/29/2025 3:04:03 PM,,,2,,,,,,,
2876634,21-059246,2,False,0109,12/19/2021 2:58:00 PM,1458,10X,14,109,Oakland,1,True,True,B,SIDE SWIPE,,Sunday,,,,,False,False,False,,C,OTHER MOTOR VEHICLE,,1,0,CLEAR,,NO UNUSUAL CONDITIONS - NO UNUSUAL CONDITIONS,,A,DAYLIGHT,,,,,,,D,CROSSING - NOT IN CROSSWALK,,A,22350,,1,45TH ST,1,,,A,E,10.0,MARTIN LUTHER KING JR WY,F,,D,7/29/2024 11:30:16 AM,1/29/2025 3:04:03 PM,,,2,,,,,,,
2876631,21-046665,2,False,0109,10/5/2021 8:37:00 PM,2037,07X,14,109,Oakland,1,True,True,D,BROADSIDE,,Tuesday,,,M,,False,False,True,,C,OTHER MOTOR VEHICLE,,0,0,CLEAR,,NO UNUSUAL CONDITIONS - NO UNUSUAL CONDITIONS,,B,DUSK-DAWN,,,,,,,A,NO PEDESTRIANS INVOLVED,,A,23152A,,1,PERALTA ST,1,,,A,,,34TH ST,,,A,7/29/2024 11:30:15 AM,1/29/2025 3:04:03 PM,,,2,,,,,,,
2876630,21-007654,2,False,0109,2/17/2021 7:07:00 AM,707,32Y,14,109,Oakland,1,True,True,D,BROADSIDE,,Wednesday,,,,,False,False,False,,C,OTHER MOTOR VEHICLE,,1,0,CLEAR,,NO UNUSUAL CONDITIONS - NO UNUSUAL CONDITIONS,,A,DAYLIGHT,,,,,,,A,NO PEDESTRIANS INVOLVED,,D,,,,106TH AV,2,,,A,,,BANCROFT AV,,,A,7/29/2024 11:30:15 AM,1/29/2025 3:04:03 PM,,,2,,,,,,,
2876628,21-050398,2,False,0109,10/27/2021 6:45:00 AM,645,26X,14,109,Oakland,1,True,True,C,REAR END,,Wednesday,,,M,,False,False,False,,C,OTHER MOTOR VEHICLE,,0,0,CLOUDY,,HOLES- DEEPRUT* - HOLES- DEEPRUT*,LOOSE MATERIAL ON ROADWAY* - LOOSE MATERIAL ON ROADWAY*,D,DARK-NO STREET LIGHTS,,,,,,,G,APPROACHING/LEAVING SCHOOL BUS,,A,22107,,1,71ST AV,2,,,D,,,INTERNATIONAL BL,,,C,7/29/2024 11:30:15 AM,1/29/2025 3:04:03 PM,,,2,,,,,,,
2876625,21-060965,2,False,0109,12/31/2021 4:42:00 PM,1642,30Y,14,109,Oakland,1,True,True,D,BROADSIDE,,Friday,,,,,False,False,True,,C,OTHER MOTOR VEHICLE,,3,1,CLEAR,,NO UNUSUAL CONDITIONS - NO UNUSUAL CONDITIONS,,B,DUSK-DAWN,,,,,,,A,NO PEDESTRIANS INVOLVED,,A,21453A,,1,BANCROFT AV,2,,,A,,,CHURCH ST,,,A,7/29/2024 11:30:14 AM,1/29/2025 3:04:03 PM,,,2,,,,,,,
2876613,21-029891,2,False,0109,6/28/2021 10:16:00 PM,2216,30Y,14,109,Oakland,1,True,True,G,VEHICLE/PEDESTRAIN,,Monday,,,F,,False,False,False,,B,PEDESTRIAN,,0,1,CLEAR,,NO UNUSUAL CONDITIONS - NO UNUSUAL CONDITIONS,,C,DARK-STREET LIGHTS,,,,,,,B,CROSSING IN CROSS WALK AT INTERSECTION,,A,21950A,,1,BANCROFT AV,2,,,A,E,9.0,CHURCH ST,F,,A,7/29/2024 11:30:12 AM,1/29/2025 3:04:02 PM,,,2,,,,,,,
2876610,21-021214,2,False,0109,5/9/2021 5:14:00 PM,1714,16Y,14,109,Oakland,1,True,True,G,VEHICLE/PEDESTRAIN,,Sunday,,,F,,False,False,True,,B,PEDESTRIAN,,1,1,CLEAR,,NO UNUSUAL CONDITIONS - NO UNUSUAL CONDITIONS,,A,DAYLIGHT,,,,,,,F,NOT IN ROAD,,D,22350,,1,PARK BL,1,,,A,N,120.0,GREENWOOD AV,F,,D,7/29/2024 11:30:12 AM,1/29/2025 3:04:02 PM,,,2,,,,,,,
2876609,21-057025,2,False,0109,12/5/2021 1:56:00 PM,1356,13X,14,109,Oakland,1,True,True,H,OTHER,,Sunday,,,,,False,False,False,,A,NON-COLLISION,,0,1,CLEAR,,NO UNUSUAL CONDITIONS - NO UNUSUAL CONDITIONS,,A,DAYLIGHT,,,,,,,A,NO PEDESTRIANS INVOLVED,,A,22350,,1,SHEPHERD CANYON RD,1,,,A,S,0.25,SNAKE RD,M,,D,7/29/2024 11:30:12 AM,1/29/2025 3:04:02 PM,,,2,,,,,,,
2876607,21-059011,2,False,0109,12/17/2021 10:47:00 PM,2247,29X,14,109,Oakland,1,True,True,H,OTHER,,Friday,,,,,False,False,False,,A,NON-COLLISION,,0,1,CLEAR,,NO UNUSUAL CONDITIONS - NO UNUSUAL CONDITIONS,,C,DARK-STREET LIGHTS,,,,,,,A,NO PEDESTRIANS INVOLVED,,C,,,,EDWARDS AV,2,,,A,N,150.0,SUNNYMERE AV,F,,D,7/29/2024 11:30:12 AM,1/29/2025 3:04:02 PM,,,2,,,,,,,
2876606,21-038145,2,False,0109,8/16/2021 1:54:00 AM,154,31X,14,109,Oakland,1,True,True,H,OTHER,,Monday,,,,,False,False,True,,I,FIXED OBJECT,,0,1,CLEAR,,NO UNUSUAL CONDITIONS - NO UNUSUAL CONDITIONS,,C,DARK-STREET LIGHTS,,,,,,,A,NO PEDESTRIANS INVOLVED,,A,23152E,,1,EDGEWATER DR,2,,,A,E,146.0,PENDLETON WY,F,,D,7/29/2024 11:30:11 AM,1/29/2025 3:04:02 PM,,,2,,,,,,,
2876605,21-056802,2,False,0109,12/4/2021 1:46:00 AM,146,04X,14,109,Oakland,1,True,True,G,VEHICLE/PEDESTRAIN,,Saturday,,,F,,False,False,False,,B,PEDESTRIAN,,0,1,,,NO UNUSUAL CONDITIONS - NO UNUSUAL CONDITIONS,,A,DAYLIGHT,,,,,,,E,IN ROAD - INCLUDES SHOULDER,,A,21954A,,1,BROADWAY,2,,,A,N,130.0,19TH ST,F,,D,7/29/2024 11:30:11 AM,1/29/2025 3:04:02 PM,,,2,,,,,,,
2876602,21-046097,2,False,0109,10/2/2021 3:34:00 PM,1534,34X,14,109,Oakland,1,True,True,H,OTHER,,Saturday,,,F,,False,False,False,,C,OTHER MOTOR VEHICLE,,1,0,CLEAR,,NO UNUSUAL CONDITIONS - NO UNUSUAL CONDITIONS,,A,DAYLIGHT,,,,,,,A,NO PEDESTRIANS INVOLVED,,A,22107,,1,INTERNATIONAL BL,2,,,A,E,303.0,85TH AV,F,,D,7/29/2024 11:30:11 AM,1/29/2025 3:04:02 PM,,,2,,,,,,,
2876601,21-029599,2,False,0109,6/27/2021 5:19:00 AM,519,27X,14,109,Oakland,1,True,True,D,BROADSIDE,,Sunday,,,,,False,True,True,,E,PARKED MOTOR VEHICLE,,0,1,CLEAR,,NO UNUSUAL CONDITIONS - NO UNUSUAL CONDITIONS,,C,DARK-STREET LIGHTS,,,,,,,A,NO PEDESTRIANS INVOLVED,,A,23152F,,1,INTERNATIONAL BL (RT 185),2,,,A,W,170.0,65TH AV,F,,D,7/29/2024 11:30:10 AM,1/29/2025 3:04:02 PM,,,2,,,,,,,
2876600,21-018858,2,False,0109,4/25/2021 11:40:00 AM,1140,03X,14,109,Oakland,1,True,True,G,VEHICLE/PEDESTRAIN,,Sunday,,,,,False,False,False,,B,PEDESTRIAN,,0,1,RAINING,,NO UNUSUAL CONDITIONS - NO UNUSUAL CONDITIONS,,A,DAYLIGHT,,,,,,,B,CROSSING IN CROSS WALK AT INTERSECTION,,A,21453D,,1,JACKSON ST,1,,,B,N,10.0,10TH ST,F,,A,7/29/2024 11:30:10 AM,1/29/2025 3:04:02 PM,,,2,,,,,,,
2876528,21-017184,2,False,0109,4/15/2021 12:25:00 PM,1225,31X,14,109,Oakland,1,True,True,B,SIDE SWIPE,,Thursday,,,,,False,False,False,,C,OTHER MOTOR VEHICLE,,0,0,CLEAR,,NO UNUSUAL CONDITIONS - NO UNUSUAL CONDITIONS,,A,DAYLIGHT,,,,,,,A,NO PEDESTRIANS INVOLVED,,D,,,,HEGENBERGER RD,2,,,A,,,AIRPORT ACCESS RD,,,A,7/29/2024 11:29:58 AM,1/29/2025 3:03:59 PM,,,2,,,,,,,
2876497,21-025414,2,False,0109,6/3/2021 12:38:00 PM,1238,29X,14,109,Oakland,1,True,True,E,HIT OBJECT,,Thursday,,,,,False,False,True,,I,FIXED OBJECT,,1,0,CLEAR,,NO UNUSUAL CONDITIONS - NO UNUSUAL CONDITIONS,,A,DAYLIGHT,,,,,,,A,NO PEDESTRIANS INVOLVED,,A,22107,,1,OAKDALE AV,2,,,A,E,75.0,SEMINARY AV,F,,D,7/29/2024 11:29:54 AM,1/29/2025 3:03:58 PM,,,2,,,,,,,
2876496,21-023990,2,False,0109,5/25/2021 8:46:00 PM,2046,17X,14,109,Oakland,1,True,True,D,BROADSIDE,,Tuesday,,,,,False,False,False,,C,OTHER MOTOR VEHICLE,,0,0,CLEAR,,NO UNUSUAL CONDITIONS - NO UNUSUAL CONDITIONS,,C,DARK-STREET LIGHTS,,,,,,,A,NO PEDESTRIANS INVOLVED,,A,21802A,,1,8TH AV,1,,,A,,,E 22ND ST,,,A,7/29/2024 11:29:54 AM,1/29/2025 3:03:58 PM,,,2,,,,,,,
2876494,21-006094,2,False,0109,2/7/2021 10:27:00 PM,2227,18Y,14,109,Oakland,1,True,True,C,REAR END,,Sunday,,,M,,False,False,False,,E,PARKED MOTOR VEHICLE,,0,0,CLEAR,,NO UNUSUAL CONDITIONS - NO UNUSUAL CONDITIONS,,C,DARK-STREET LIGHTS,,,,,,,A,NO PEDESTRIANS INVOLVED,,A,22106,,1,E 20TH ST,1,,,A,W,100.0,23RD AV,F,,D,7/29/2024 11:29:54 AM,1/29/2025 3:03:58 PM,,,2,,,,,,,
2876493,21-011436,2,False,0109,3/12/2021 8:50:00 AM,850,18X,14,109,Oakland,1,True,True,C,REAR END,,Friday,,,M,,False,False,False,,E,PARKED MOTOR VEHICLE,,0,0,CLEAR,,NO UNUSUAL CONDITIONS - NO UNUSUAL CONDITIONS,,A,DAYLIGHT,,,,,,,A,NO PEDESTRIANS INVOLVED,,A,22350,,1,20TH AV,2,,,A,N,10.0,E 19TH ST,F,,D,7/29/2024 11:29:54 AM,1/29/2025 3:03:58 PM,,,2,,,,,,,
2876492,21-024372,2,False,0109,5/28/2021 8:16:00 PM,2016,20X,14,109,Oakland,1,True,True,B,SIDE SWIPE,,Friday,,,,,False,False,False,,C,OTHER MOTOR VEHICLE,,0,0,CLEAR,,NO UNUSUAL CONDITIONS - NO UNUSUAL CONDITIONS,,B,DUSK-DAWN,,,,,,,A,NO PEDESTRIANS INVOLVED,,A,21750A,,1,E 16TH ST,1,,,A,E,20.0,28TH AV,F,,C,7/29/2024 11:29:53 AM,1/29/2025 3:03:58 PM,,,2,,,,,,,
2876490,21-017101,2,False,0109,4/14/2021 10:47:00 PM,2247,27Y,14,109,Oakland,1,True,True,D,BROADSIDE,,Wednesday,,,,,False,False,True,,C,OTHER MOTOR VEHICLE,,0,0,CLEAR,,NO UNUSUAL CONDITIONS - NO UNUSUAL CONDITIONS,,A,DAYLIGHT,,,,,,,A,NO PEDESTRIANS INVOLVED,,A,21802A,,1,64TH AV,2,,,A,,,INTERNATIONAL BL,,,A,7/29/2024 11:29:53 AM,1/29/2025 3:03:58 PM,,,2,,,,,,,
2876461,21-053542,2,False,0109,11/14/2021 4:48:00 PM,1648,30X,14,109,Oakland,1,True,True,D,BROADSIDE,,Sunday,,,M,,False,False,False,,C,OTHER MOTOR VEHICLE,,0,0,CLEAR,,NO UNUSUAL CONDITIONS - NO UNUSUAL CONDITIONS,,A,DAYLIGHT,,,,,,,A,NO PEDESTRIANS INVOLVED,,A,21453A,,1,HAVENSCOURT BL,2,,,A,,,INTERNATIONAL BL,,,D,7/29/2024 11:29:49 AM,1/29/2025 3:03:57 PM,,,2,,,,,,,
2876459,21-039345,2,False,0109,8/22/2021 10:25:00 PM,2225,34X,14,109,Oakland,1,True,True,B,SIDE SWIPE,,Sunday,,,M,,False,False,False,,J,OTHER OBJECT,,0,0,,,,,C,DARK-STREET LIGHTS,,,,,,,A,NO PEDESTRIANS INVOLVED,,A,22107,,1,82ND AV,2,,,A,,,82ND AV S,,,D,7/29/2024 11:29:49 AM,1/29/2025 3:03:57 PM,,,2,,,,,,,
2876458,21-049723,2,False,0109,10/23/2021 2:35:00 AM,235,27X,14,109,Oakland,1,True,True,D,BROADSIDE,,Saturday,,,M,,False,False,True,,D,MOTOR VEHICLE ON OTHER ROADWAY,,0,0,CLOUDY,,NO UNUSUAL CONDITIONS - NO UNUSUAL CONDITIONS,,E,DARK-STREET LIGHTS NOT FUNCTIONING*,,,,,,,A,NO PEDESTRIANS INVOLVED,,A,22450A,,1,FAIRFAX AV,2,,,A,,,MONTICELLO AV,,,A,7/29/2024 11:29:48 AM,1/29/2025 3:03:57 PM,,,2,,,,,,,
2876457,21-041913,2,False,0109,9/6/2021 6:58:00 PM,1858,23X,14,109,Oakland,1,True,True,D,BROADSIDE,,Monday,,,,,False,False,False,,C,OTHER MOTOR VEHICLE,,0,0,CLEAR,,NO UNUSUAL CONDITIONS - NO UNUSUAL CONDITIONS,,A,DAYLIGHT,,,,,,,A,NO PEDESTRIANS INVOLVED,,A,21801A,,1,INTERNATIONAL BL,2,,,A,,,35TH AV,,,A,7/29/2024 11:29:48 AM,1/29/2025 3:03:57 PM,,,2,,,,,,,
2876456,21-053049,2,False,0109,11/11/2021 11:00:00 AM,1100,31X,14,109,Oakland,1,True,True,E,HIT OBJECT,,Thursday,,,,,False,False,False,,I,FIXED OBJECT,,0,0,CLEAR,,NO UNUSUAL CONDITIONS - NO UNUSUAL CONDITIONS,,A,DAYLIGHT,,,,,,,A,NO PEDESTRIANS INVOLVED,,A,23152A,,1,INTERNATIONAL BL,2,,,A,W,50.0,DURANT AV,F,,D,7/29/2024 11:29:48 AM,1/29/2025 3:03:57 PM,,,2,,,,,,,
2876455,21-049476,2,False,0109,10/21/2021 5:03:00 AM,503,01X,14,109,Oakland,1,True,True,D,BROADSIDE,,Thursday,,,,,False,False,False,,C,OTHER MOTOR VEHICLE,,1,0,CLOUDY,,NO UNUSUAL CONDITIONS - NO UNUSUAL CONDITIONS,,A,DAYLIGHT,,,,,,,A,NO PEDESTRIANS INVOLVED,,A,21802A,,1,WASHINGTON ST,1,,,A,,,4TH ST,,,D,7/29/2024 11:29:48 AM,1/29/2025 3:03:57 PM,,,2,,,,,,,
2876454,21-060457,2,False,0109,12/28/2021 9:02:00 AM,902,26X,14,109,Oakland,1,True,True,A,HEAD-ON,,Tuesday,,,M,,False,False,True,,C,OTHER MOTOR VEHICLE,,0,0,CLEAR,,NO UNUSUAL CONDITIONS - NO UNUSUAL CONDITIONS,,A,DAYLIGHT,,,,,,,,,,A,21802A,,1,E 12TH ST,2,,,B,,,47TH AV,,,A,7/29/2024 11:29:48 AM,1/29/2025 3:03:57 PM,,,2,,,,,,,
2876453,21-030669,2,False,0109,7/3/2021 5:40:00 AM,540,04X,14,109,Oakland,1,True,True,E,HIT OBJECT,,Saturday,,,,,False,False,True,,I,FIXED OBJECT,,0,0,CLEAR,,NO UNUSUAL CONDITIONS - NO UNUSUAL CONDITIONS,,B,DUSK-DAWN,,,,,,,A,NO PEDESTRIANS INVOLVED,,A,23152A,,1,LAKESIDE DR,1,,,A,N,15.0,19TH ST,F,,A,7/29/2024 11:29:48 AM,1/29/2025 3:03:57 PM,,,2,,,,,,,
2876452,21-058842,2,False,0109,12/16/2021 8:01:00 PM,2001,30X,14,109,Oakland,1,True,True,F,OVERTURNED,,Thursday,,,,,False,False,True,,C,OTHER MOTOR VEHICLE,,0,0,CLEAR,,NO UNUSUAL CONDITIONS - NO UNUSUAL CONDITIONS,,C,DARK-STREET LIGHTS,,,,,,,A,NO PEDESTRIANS INVOLVED,,A,21801B,,1,76TH AV,1,,,D,,,MACARTHUR BL,,,D,7/29/2024 11:29:48 AM,1/29/2025 3:03:57 PM,,,2,,,,,,,
2876432,21-035934,2,False,0109,8/2/2021 11:35:00 PM,2335,23X,14,109,Oakland,1,True,True,E,HIT OBJECT,,Monday,,,,,False,False,True,,I,FIXED OBJECT,,0,0,CLEAR,,NO UNUSUAL CONDITIONS - NO UNUSUAL CONDITIONS,,C,DARK-STREET LIGHTS,,,,,,,A,NO PEDESTRIANS INVOLVED,,A,22107,,1,42ND AV,2,,,A,N,110.0,INTERNATIONAL BL,F,,D,7/29/2024 11:29:45 AM,1/29/2025 3:03:56 PM,,,2,,,,,,,
2876431,21-005155,2,False,0109,2/2/2021 8:40:00 AM,840,31X,14,109,Oakland,1,True,True,D,BROADSIDE,,Tuesday,,,,,False,False,False,,C,OTHER MOTOR VEHICLE,,2,0,RAINING,,LOOSE MATERIAL ON ROADWAY* - LOOSE MATERIAL ON ROADWAY*,NO UNUSUAL CONDITIONS - NO UNUSUAL CONDITIONS,A,DAYLIGHT,,,,,,,A,NO PEDESTRIANS INVOLVED,,A,21453A,,1,ZHONE WY,2,,,B,,,RT 880,,,A,7/29/2024 11:29:45 AM,1/29/2025 3:03:56 PM,,,2,,,,,,,
2876429,21-005267,2,False,0109,2/2/2021 4:29:00 PM,1629,01X,14,109,Oakland,1,True,True,D,BROADSIDE,,Tuesday,,,M,,False,False,True,,,,,0,0,CLEAR,,NO UNUSUAL CONDITIONS - NO UNUSUAL CONDITIONS,,A,DAYLIGHT,,,,,,,A,NO PEDESTRIANS INVOLVED,,A,22107,,1,4TH ST,1,,,A,,,MADISON ST,,,D,7/29/2024 11:29:45 AM,1/29/2025 3:03:56 PM,,,2,,,,,,,
2876428,21-060080,2,False,0109,12/25/2021 12:44:00 AM,44,19X,14,109,Oakland,1,True,True,D,BROADSIDE,,Saturday,,,,,False,False,False,,C,OTHER MOTOR VEHICLE,,1,0,CLEAR,,NO UNUSUAL CONDITIONS - NO UNUSUAL CONDITIONS,,C,DARK-STREET LIGHTS,,,,,,,A,NO PEDESTRIANS INVOLVED,,A,21802A,,1,4TH AV,1,,,A,,,FOOTHILL BL,,,A,7/29/2024 11:29:45 AM,1/29/2025 3:03:56 PM,,,2,,,,,,,
2876427,21-038542,2,False,0109,1/8/2021 8:27:00 AM,827,26X,14,109,Oakland,1,True,True,H,OTHER,,Friday,,,,,False,False,False,,C,OTHER MOTOR VEHICLE,,0,0,CLEAR,,NO UNUSUAL CONDITIONS - NO UNUSUAL CONDITIONS,,A,DAYLIGHT,,,,,,,A,NO PEDESTRIANS INVOLVED,,D,,,,INTERNATIONAL BL,2,,,A,,,69TH AV,,,A,7/29/2024 11:29:44 AM,1/29/2025 3:03:56 PM,,,2,,,,,,,
2876424,21-010436,2,False,0109,3/10/2021 9:01:00 PM,2101,29X,14,109,Oakland,1,True,True,D,BROADSIDE,,Wednesday,,,,,False,False,True,,C,OTHER MOTOR VEHICLE,,2,0,CLEAR,,NO UNUSUAL CONDITIONS - NO UNUSUAL CONDITIONS,,C,DARK-STREET LIGHTS,,,,,,,A,NO PEDESTRIANS INVOLVED,,A,22450A,,1,BRANN ST,2,,,A,,,SEMINARY AV,,,A,7/29/2024 11:29:44 AM,1/29/2025 3:03:56 PM,,,2,,,,,,,
2876423,21-021530,2,False,0109,5/11/2021 3:48:00 PM,1548,22X,14,109,Oakland,1,True,True,H,OTHER,,Tuesday,,,,,False,False,False,,C,OTHER MOTOR VEHICLE,,0,0,CLEAR,,NO UNUSUAL CONDITIONS - NO UNUSUAL CONDITIONS,,A,DAYLIGHT,,,,,,,A,NO PEDESTRIANS INVOLVED,,D,,,,MONTANA ST,1,,,A,,,RHODA AV,,,A,7/29/2024 11:29:44 AM,1/29/2025 3:03:56 PM,,,2,,,,,,,
2876422,21-045582,2,False,0109,4/6/2021 8:00:00 AM,800,32X,14,109,Oakland,1,True,True,D,BROADSIDE,,Tuesday,,,,,False,False,False,,C,OTHER MOTOR VEHICLE,,0,0,CLEAR,,NO UNUSUAL CONDITIONS - NO UNUSUAL CONDITIONS,,A,DAYLIGHT,,,,,,,E,IN ROAD - INCLUDES SHOULDER,,A,21453A,,,98TH AV,2,,,A,,,BANCROFT AV,,,A,7/29/2024 11:29:44 AM,1/29/2025 3:03:56 PM,,,2,,,,,,,
2876420,21-017310,2,False,0109,4/16/2021 8:30:00 AM,830,31X,14,109,Oakland,1,True,True,B,SIDE SWIPE,,Friday,,,,,False,False,False,,C,OTHER MOTOR VEHICLE,,0,0,CLEAR,,NO UNUSUAL CONDITIONS - NO UNUSUAL CONDITIONS,,A,DAYLIGHT,,,,,,,A,NO PEDESTRIANS INVOLVED,,D,,,,51ST AV,2,,,A,,,INTERNATIONAL BL,,,D,7/29/2024 11:29:44 AM,1/29/2025 3:03:56 PM,,,2,,,,,,,