collision-id,report-number,report-version,is-preliminary,ncic-code,crash-date-time,crash-time-description,beat,city-id,city-code,city-name,county-code,city-is-active,city-is-incorporated,collision-type-code,collision-type-description,collision-type-other-desc,day-of-week,dispatch-notified,has-photographs,hit-run,is-attachments-mailed,is-deleted,is-highway-related,is-tow-away,judicial-district,motor-vehicle-involved-with-code,motor-vehicle-involved-with-desc,motor-vehicle-involved-with-other-desc,number-injured,number-killed,weather-1,weather-2,road-condition-1,road-condition-2,special-condition-lighting-code,lighting-description,latitude,longitude,milepost-direction,milepost-distance,milepost-marker,milepost-unit-of-measure,pedestrian-action-code,pedestrian-action-desc,prepared-date,primary-collision-factor-code,primary-collision-factor-violation,primary-collision-factor-is-cited,primary-collision-party-number,primary-road,reporting-district,reporting-district-code,reviewed-date,roadway-surface-code,secondary-direction,secondary-distance,secondary-road,secondary-unit-of-measure,sketch-desc,traffic-control-device-code,created-date,modified-date,is-county-road,is-freeway,chp-555-version,is-additonal-object-struck,notification-date,notification-time-description,has-digital-media-files,evidence-number,is-location-refer-to-narrative,is-aoi-one-same-as-location
2876413,21-011549,2,False,0109,3/12/2021 9:18:00 PM,2118,21Y,14,109,Oakland,1,True,True,C,REAR END,,Friday,,,,,False,False,False,,C,OTHER MOTOR VEHICLE,,0,0,CLEAR,,NO UNUSUAL CONDITIONS - NO UNUSUAL CONDITIONS,,E,DARK-STREET LIGHTS NOT FUNCTIONING*,,,,,,,A,NO PEDESTRIANS INVOLVED,,A,22350,,1,FRUITVALE AV,1,,,A,E,10.0,27TH ST,F,,A,7/29/2024 11:29:43 AM,1/29/2025 3:03:56 PM,,,2,,,,,,,
2876393,21-020826,2,False,0109,5/7/2021 7:00:00 AM,700,23X,14,109,Oakland,1,True,True,H,OTHER,,Friday,,,,,False,True,False,,C,OTHER MOTOR VEHICLE,,0,0,CLEAR,,NO UNUSUAL CONDITIONS - NO UNUSUAL CONDITIONS,,A,DAYLIGHT,,,,,,,A,NO PEDESTRIANS INVOLVED,,D,,,,42ND AV,2,,,A,,,INTERNATIONAL BL,,,A,7/29/2024 11:29:40 AM,1/29/2025 3:03:55 PM,,,2,,,,,,,
2876391,21-048369,2,False,0109,10/15/2021 5:58:00 AM,558,04X,14,109,Oakland,1,True,True,F,OVERTURNED,,Friday,,,,,False,False,False,,D,MOTOR VEHICLE ON OTHER ROADWAY,,0,0,CLEAR,,NO UNUSUAL CONDITIONS - NO UNUSUAL CONDITIONS,,C,DARK-STREET LIGHTS,,,,,,,A,NO PEDESTRIANS INVOLVED,,A,21453A,,1,HARRISON ST,1,,,A,,,LAKESIDE DR,,,A,7/29/2024 11:29:40 AM,1/29/2025 3:03:55 PM,,,2,,,,,,,
2876389,21-060853,2,False,0109,12/30/2021 9:46:00 PM,2146,19X,14,109,Oakland,1,True,True,C,REAR END,,Thursday,,,,,False,False,True,,E,PARKED MOTOR VEHICLE,,0,0,CLEAR,,NO UNUSUAL CONDITIONS - NO UNUSUAL CONDITIONS,,C,DARK-STREET LIGHTS,,,,,,,A,NO PEDESTRIANS INVOLVED,,A,23152A,,1,E 12TH ST,1,,,A,W,150.0,14TH AV,F,,D,7/29/2024 11:29:40 AM,1/29/2025 3:03:54 PM,,,2,,,,,,,
2876384,22-044079,2,False,0109,12/28/2021 7:19:00 PM,1919,33X,14,109,Oakland,1,True,True,B,SIDE SWIPE,,Tuesday,,,M,,False,False,True,,E,PARKED MOTOR VEHICLE,,0,0,CLOUDY,,NO UNUSUAL CONDITIONS - NO UNUSUAL CONDITIONS,,A,DAYLIGHT,,,,,,,A,NO PEDESTRIANS INVOLVED,,A,23152A,,1,84TH AV,2,,,A,S,378.0,B ST,F,,D,7/29/2024 11:29:39 AM,1/29/2025 3:03:54 PM,,,2,,,,,,,
2876380,21-058178,2,False,0109,12/12/2021 11:05:00 AM,1105,26X,14,109,Oakland,1,True,True,B,SIDE SWIPE,,Sunday,,,,,False,False,False,,,,,0,0,CLOUDY,RAINING,NO UNUSUAL CONDITIONS - NO UNUSUAL CONDITIONS,,A,DAYLIGHT,,,,,,,A,NO PEDESTRIANS INVOLVED,,A,22107,,1,INTERNATIONAL BL,2,,,B,,,52ND AV,,,A,7/29/2024 11:29:39 AM,1/29/2025 3:03:54 PM,,,2,,,,,,,
2876351,21-035931,2,False,0109,8/2/2021 11:30:00 PM,2330,23X,14,109,Oakland,1,True,True,E,HIT OBJECT,,Monday,,,M,,False,False,True,,I,FIXED OBJECT,,0,0,CLEAR,,NO UNUSUAL CONDITIONS - NO UNUSUAL CONDITIONS,,C,DARK-STREET LIGHTS,,,,,,,A,NO PEDESTRIANS INVOLVED,,A,22107,,1,INTERNATIONAL BL,2,,,A,W,90.0,HIGH ST,F,,D,7/29/2024 11:29:34 AM,1/29/2025 3:03:53 PM,,,2,,,,,,,
2876348,21-056964,2,False,0109,12/5/2021 12:37:00 AM,37,26X,14,109,Oakland,1,True,True,C,REAR END,,Sunday,,,M,,False,True,True,,C,OTHER MOTOR VEHICLE,,0,0,CLEAR,,NO UNUSUAL CONDITIONS - NO UNUSUAL CONDITIONS,,C,DARK-STREET LIGHTS,,,,,,,A,NO PEDESTRIANS INVOLVED,,A,23152A,,1,RT 880,2,,,A,,,HIGH ST,,,D,7/29/2024 11:29:34 AM,1/29/2025 3:03:53 PM,,,2,,,,,,,
2876341,21-020635,2,False,0109,5/6/2021 5:26:00 AM,526,23X,14,109,Oakland,1,True,True,D,BROADSIDE,,Thursday,,,M,,False,False,True,,E,PARKED MOTOR VEHICLE,,0,0,CLEAR,,NO UNUSUAL CONDITIONS - NO UNUSUAL CONDITIONS,,A,DAYLIGHT,,,,,,,A,NO PEDESTRIANS INVOLVED,,A,22107,,1,35TH AV,2,,,A,N,20.0,E 18TH ST,F,,D,7/29/2024 11:29:33 AM,1/29/2025 3:03:53 PM,,,2,,,,,,,
2876337,21-028189,2,False,0109,6/19/2021 12:02:00 AM,2,22X,14,109,Oakland,1,True,True,B,SIDE SWIPE,,Saturday,,,M,,False,False,True,,E,PARKED MOTOR VEHICLE,,0,0,CLEAR,,NO UNUSUAL CONDITIONS - NO UNUSUAL CONDITIONS,,C,DARK-STREET LIGHTS,,,,,,,,,,A,23152A,,1,MACARTHUR BL,1,,,A,,,FRUITVALE AV,,,D,7/29/2024 11:29:32 AM,1/29/2025 3:03:53 PM,,,2,,,,,,,
2876318,21-039879,2,False,0109,8/26/2021 10:48:00 PM,2248,21X,14,109,Oakland,1,True,True,D,BROADSIDE,,Thursday,,,M,,False,False,True,,C,OTHER MOTOR VEHICLE,,0,0,CLEAR,,NO UNUSUAL CONDITIONS - NO UNUSUAL CONDITIONS,,C,DARK-STREET LIGHTS,,,,,,,A,NO PEDESTRIANS INVOLVED,,A,22107,,1,E 21ST ST,1,,,A,W,20.0,MITCHELL ST,F,,A,7/29/2024 11:29:30 AM,1/29/2025 3:03:52 PM,,,2,,,,,,,
2876315,21035649,2,False,0109,8/1/2021 1:46:00 AM,146,06X,14,109,Oakland,1,True,True,D,BROADSIDE,,Sunday,,,,,False,False,False,,C,OTHER MOTOR VEHICLE,,0,0,CLEAR,,NO UNUSUAL CONDITIONS - NO UNUSUAL CONDITIONS,,C,DARK-STREET LIGHTS,,,,,,,A,NO PEDESTRIANS INVOLVED,,A,,,,27TH ST,1,,,A,,,MARTIN LUTHER KING WY JR,,,A,7/29/2024 11:29:29 AM,1/29/2025 3:03:52 PM,,,2,,,,,,,
2876313,21-031252,2,False,0109,7/6/2021 6:01:00 PM,1801,07X,14,109,Oakland,1,True,True,D,BROADSIDE,,Tuesday,,,,,False,False,False,,C,OTHER MOTOR VEHICLE,,0,0,CLEAR,,NO UNUSUAL CONDITIONS - NO UNUSUAL CONDITIONS,,A,DAYLIGHT,,,,,,,A,NO PEDESTRIANS INVOLVED,,A,22350,,1,PERALTA ST,1,,,A,,,30TH ST,,,A,7/29/2024 11:29:29 AM,1/29/2025 3:03:52 PM,,,2,,,,,,,
2876303,21-040717,2,False,0109,8/30/2021 11:27:00 PM,2327,23X,14,109,Oakland,1,True,True,G,VEHICLE/PEDESTRAIN,,Monday,,,F,,False,False,True,,B,PEDESTRIAN,,1,0,CLEAR,,NO UNUSUAL CONDITIONS - NO UNUSUAL CONDITIONS,,C,DARK-STREET LIGHTS,,,,,,,B,CROSSING IN CROSS WALK AT INTERSECTION,,A,23153B,,1,FOOTHILL BL,2,,,A,,,HIGH ST,,,A,7/29/2024 11:29:27 AM,1/29/2025 3:03:51 PM,,,2,,,,,,,
2876301,21-041951,2,False,0109,9/7/2021 12:33:00 AM,33,30X,14,109,Oakland,1,True,True,D,BROADSIDE,,Tuesday,,,,,False,False,False,,C,OTHER MOTOR VEHICLE,,1,0,CLEAR,,NO UNUSUAL CONDITIONS - NO UNUSUAL CONDITIONS,,C,DARK-STREET LIGHTS,,,,,,,A,NO PEDESTRIANS INVOLVED,,A,22350,,1,MACARTHUR BL,2,,,A,,,82ND AV,,,A,7/29/2024 11:29:27 AM,1/29/2025 3:03:51 PM,,,2,,,,,,,
2876296,21-041623,2,False,0109,9/5/2021 12:18:00 AM,18,27X,14,109,Oakland,1,True,True,B,SIDE SWIPE,,Sunday,,,M,,False,False,False,,C,OTHER MOTOR VEHICLE,,0,0,CLEAR,,,,C,DARK-STREET LIGHTS,,,,,,,A,NO PEDESTRIANS INVOLVED,,A,22107,,1,38TH AV,2,,,A,,,FOOTHILL BL,,,A,7/29/2024 11:29:26 AM,1/29/2025 3:03:51 PM,,,2,,,,,,,
2876293,21-036771,2,False,0109,8/7/2021 4:34:00 PM,1634,17X,14,109,Oakland,1,True,True,D,BROADSIDE,,Saturday,,,,,False,False,False,,C,OTHER MOTOR VEHICLE,,0,0,CLEAR,,NO UNUSUAL CONDITIONS - NO UNUSUAL CONDITIONS,,A,DAYLIGHT,,,,,,,A,NO PEDESTRIANS INVOLVED,,A,21453A,,1,8TH AV,1,,,A,W,17.0,FOOTHILL BL,F,,A,7/29/2024 11:29:26 AM,1/29/2025 3:03:51 PM,,,2,,,,,,,
2876292,21-041790,2,False,0109,9/6/2021 11:09:00 PM,2309,32X,14,109,Oakland,1,True,True,D,BROADSIDE,,Monday,,,M,,False,False,True,,D,MOTOR VEHICLE ON OTHER ROADWAY,,0,0,CLEAR,,,,C,DARK-STREET LIGHTS,,,,,,,A,NO PEDESTRIANS INVOLVED,,A,21802A,,1,ROYAL ST,2,,,A,,,SAN LEANDRO ST,,,D,7/29/2024 11:29:25 AM,1/29/2025 3:03:51 PM,,,2,,,,,,,
2876291,21-041233,2,False,0109,9/2/2021 3:20:00 PM,1520,27X,14,109,Oakland,1,True,True,C,REAR END,,Thursday,,,M,,False,False,False,,C,OTHER MOTOR VEHICLE,,0,0,CLEAR,,NO UNUSUAL CONDITIONS - NO UNUSUAL CONDITIONS,,A,DAYLIGHT,,,,,,,A,NO PEDESTRIANS INVOLVED,,A,22350,,1,SEMINARY AV,2,,,A,,,FOOTHILL BL,,,A,7/29/2024 11:29:25 AM,1/29/2025 3:03:51 PM,,,2,,,,,,,
2876278,21-053214,2,False,0109,11/12/2021 12:34:00 PM,1234,09X,14,109,Oakland,1,True,True,B,SIDE SWIPE,,Friday,,,,,False,False,False,,C,OTHER MOTOR VEHICLE,,0,0,CLEAR,,NO UNUSUAL CONDITIONS - NO UNUSUAL CONDITIONS,,A,DAYLIGHT,,,,,,,A,NO PEDESTRIANS INVOLVED,,A,22107,,1,BROADWAY,1,,,A,S,160.0,38TH ST,F,,D,7/29/2024 11:29:24 AM,1/29/2025 3:03:50 PM,,,2,,,,,,,
2876277,21-027303,2,False,0109,6/13/2021 4:26:00 PM,1626,20X,14,109,Oakland,1,True,True,E,HIT OBJECT,,Sunday,,,,,False,False,True,,I,FIXED OBJECT,,0,0,CLEAR,,NO UNUSUAL CONDITIONS - NO UNUSUAL CONDITIONS,,A,DAYLIGHT,,,,,,,A,NO PEDESTRIANS INVOLVED,,A,22107,,1,DERBY AV,1,,,A,S,25.0,CHAPMAN ST,F,,D,7/29/2024 11:29:24 AM,1/29/2025 3:03:50 PM,,,2,,,,,,,
2876276,21-022085,2,False,0109,5/14/2021 10:35:00 PM,2235,20X,14,109,Oakland,1,True,True,G,VEHICLE/PEDESTRAIN,,Friday,,,,,False,False,False,,B,PEDESTRIAN,,1,0,CLEAR,CLOUDY,NO UNUSUAL CONDITIONS - NO UNUSUAL CONDITIONS,,C,DARK-STREET LIGHTS,,,,,,,B,CROSSING IN CROSS WALK AT INTERSECTION,,D,,,,23RD AV,1,,,A,,,FOOTHILL BL,,,A,7/29/2024 11:29:24 AM,1/29/2025 3:03:51 PM,,,2,,,,,,,
2876264,21-031440,2,False,0109,7/7/2021 3:00:00 PM,1500,15X,14,109,Oakland,1,True,True,D,BROADSIDE,,Wednesday,,,M,,False,False,True,,C,OTHER MOTOR VEHICLE,,1,0,CLEAR,,NO UNUSUAL CONDITIONS - NO UNUSUAL CONDITIONS,,B,DUSK-DAWN,,,,,,,A,NO PEDESTRIANS INVOLVED,,A,23152A,,1,3RD AV,1,,,A,,,E 18TH ST,,,A,7/29/2024 11:29:21 AM,1/29/2025 3:03:50 PM,,,2,,,,,,,
2876262,21-033249,2,False,0109,7/17/2021 10:10:00 PM,2210,20X,14,109,Oakland,1,True,True,B,SIDE SWIPE,,Saturday,,,M,,False,False,False,,C,OTHER MOTOR VEHICLE,,0,0,CLEAR,,NO UNUSUAL CONDITIONS - NO UNUSUAL CONDITIONS,,B,DUSK-DAWN,,,,,,,A,NO PEDESTRIANS INVOLVED,,A,23152,,1,26TH AV,1,,,A,N,100.0,E 12TH ST,F,,A,7/29/2024 11:29:21 AM,1/29/2025 3:03:50 PM,,,2,,,,,,,
2876261,21-022277,2,False,0109,5/16/2021 10:07:00 PM,2207,30X,14,109,Oakland,1,True,True,D,BROADSIDE,,Sunday,,,M,,False,False,False,,C,OTHER MOTOR VEHICLE,,1,0,CLEAR,,NO UNUSUAL CONDITIONS - NO UNUSUAL CONDITIONS,,C,DARK-STREET LIGHTS,,,,,,,A,NO PEDESTRIANS INVOLVED,,D,,,,HIGH ST,2,,,A,,,INTERNATIONAL BL,,,A,7/29/2024 11:29:21 AM,1/29/2025 3:03:50 PM,,,2,,,,,,,
2876257,21-059908,2,False,0109,12/23/2021 6:53:00 PM,1853,20X,14,109,Oakland,1,True,True,B,SIDE SWIPE,,Thursday,,,,,False,False,True,,E,PARKED MOTOR VEHICLE,,1,0,RAINING,,NO UNUSUAL CONDITIONS - NO UNUSUAL CONDITIONS,,C,DARK-STREET LIGHTS,,,,,,,A,NO PEDESTRIANS INVOLVED,,A,23152A,,1,28TH AV,1,,,B,N,10.0,E 16TH ST,F,,D,7/29/2024 11:29:20 AM,1/29/2025 3:03:50 PM,,,2,,,,,,,
2876251,21-044526,2,False,0109,9/23/2021 2:36:00 AM,236,26X,14,109,Oakland,1,True,True,D,BROADSIDE,,Thursday,,,,,False,False,True,,C,OTHER MOTOR VEHICLE,,1,0,CLEAR,,NO UNUSUAL CONDITIONS - NO UNUSUAL CONDITIONS,,C,DARK-STREET LIGHTS,,,,,,,A,NO PEDESTRIANS INVOLVED,,A,23152A,,1,HIGH ST,2,,,A,,,INTERNATIONAL BL,,,A,7/29/2024 11:29:20 AM,1/29/2025 3:03:50 PM,,,2,,,,,,,
2876231,21-023348,2,False,0109,6/22/2021 1:18:00 AM,118,03X,14,109,Oakland,1,True,True,D,BROADSIDE,,Tuesday,,,,,False,False,True,,C,OTHER MOTOR VEHICLE,,0,0,CLEAR,,NO UNUSUAL CONDITIONS - NO UNUSUAL CONDITIONS,,C,DARK-STREET LIGHTS,,,,,,,A,NO PEDESTRIANS INVOLVED,,A,23152A,,1,HARRISON ST,1,,,A,,,14TH ST,,,A,7/29/2024 11:29:17 AM,1/29/2025 3:03:49 PM,,,2,,,,,,,
2876216,21-052367,2,False,0109,11/7/2021 3:55:00 AM,355,05Y,14,109,Oakland,1,True,True,D,BROADSIDE,,Sunday,,,M,,False,False,True,,C,OTHER MOTOR VEHICLE,,1,0,CLEAR,,NO UNUSUAL CONDITIONS - NO UNUSUAL CONDITIONS,,C,DARK-STREET LIGHTS,,,,,,,A,NO PEDESTRIANS INVOLVED,,A,21453A,,1,FRONTAGE RD,1,,,A,,,W GRAND AV,,,A,7/29/2024 11:29:15 AM,1/29/2025 3:03:49 PM,,,2,,,,,,,
2876215,21-055410,2,False,0109,11/26/2021 2:30:00 AM,230,20X,14,109,Oakland,1,True,True,A,HEAD-ON,,Friday,,,M,,False,True,True,,C,OTHER MOTOR VEHICLE,,1,0,CLEAR,,NO UNUSUAL CONDITIONS - NO UNUSUAL CONDITIONS,,C,DARK-STREET LIGHTS,,,,,,,A,NO PEDESTRIANS INVOLVED,,A,21453A,,1,29TH AV,1,,,A,,,RT 880,,,A,7/29/2024 11:29:15 AM,1/29/2025 3:03:49 PM,,,2,,,,,,,
2876198,21-029571,2,False,0109,6/26/2021 11:18:00 PM,2318,29X,14,109,Oakland,1,True,True,C,REAR END,,Saturday,,,,,False,False,False,,E,PARKED MOTOR VEHICLE,,0,0,CLEAR,,NO UNUSUAL CONDITIONS - NO UNUSUAL CONDITIONS,,C,DARK-STREET LIGHTS,,,,,,,A,NO PEDESTRIANS INVOLVED,,A,23152A,,1,68TH AV,2,,,A,N,50.0,MACARTHUR BL,F,,D,7/29/2024 11:29:12 AM,1/29/2025 3:03:48 PM,,,2,,,,,,,
2876196,21006248,2,False,0109,2/8/2021 3:51:00 PM,1551,35X,14,109,Oakland,1,True,True,B,SIDE SWIPE,,Monday,,,,,False,False,True,,E,PARKED MOTOR VEHICLE,,0,0,CLOUDY,,NO UNUSUAL CONDITIONS - NO UNUSUAL CONDITIONS,,A,DAYLIGHT,,,,,,,A,NO PEDESTRIANS INVOLVED,,A,23152A,,1,88TH AV,2,,,A,S,90.0,MACARTHUR BL,F,,D,7/29/2024 11:29:12 AM,1/29/2025 3:03:48 PM,,,2,,,,,,,
2876191,21-027660,2,False,0109,6/16/2021 9:33:00 PM,2133,21X,14,109,Oakland,1,True,True,A,HEAD-ON,,Wednesday,,,,,False,False,False,,E,PARKED MOTOR VEHICLE,,2,0,CLEAR,,NO UNUSUAL CONDITIONS - NO UNUSUAL CONDITIONS,,C,DARK-STREET LIGHTS,,,,,,,A,NO PEDESTRIANS INVOLVED,,A,22350,,1,26TH AV,1,,,A,S,550.0,27TH ST,F,,D,7/29/2024 11:29:11 AM,1/29/2025 3:03:48 PM,,,2,,,,,,,
2876189,21-052966,2,False,0109,10/27/2021 10:40:00 PM,2240,23X,14,109,Oakland,1,True,True,C,REAR END,,Wednesday,,,,,False,False,False,,E,PARKED MOTOR VEHICLE,,1,0,CLEAR,,NO UNUSUAL CONDITIONS - NO UNUSUAL CONDITIONS,,C,DARK-STREET LIGHTS,,,,,,,A,NO PEDESTRIANS INVOLVED,,A,23152A,,1,35TH AV,2,,,A,S,20.0,E 15TH ST,F,,D,7/29/2024 11:29:11 AM,1/29/2025 3:03:48 PM,,,2,,,,,,,
2876180,21-056960,2,False,0109,12/5/2021 12:21:00 AM,21,30X,14,109,Oakland,1,True,True,D,BROADSIDE,,Sunday,,,M,,False,False,False,,C,OTHER MOTOR VEHICLE,,1,0,CLEAR,,NO UNUSUAL CONDITIONS - NO UNUSUAL CONDITIONS,,C,DARK-STREET LIGHTS,,,,,,,A,NO PEDESTRIANS INVOLVED,,A,21453A,,1,HAVENSCOURT BL,2,,,A,,,INTERNATIONAL BL,,,A,7/29/2024 11:29:09 AM,1/29/2025 3:03:48 PM,,,2,,,,,,,
2876179,21-035253,2,False,0109,7/29/2021 5:29:00 PM,1729,26X,14,109,Oakland,1,True,True,D,BROADSIDE,,Thursday,,,,,False,False,True,,C,OTHER MOTOR VEHICLE,,1,0,CLEAR,,NO UNUSUAL CONDITIONS - NO UNUSUAL CONDITIONS,,A,DAYLIGHT,,,,,,,A,NO PEDESTRIANS INVOLVED,,A,23152A,,1,INTERNATIONAL BL,2,,,A,,,62ND AV,,,A,7/29/2024 11:29:09 AM,1/29/2025 3:03:48 PM,,,2,,,,,,,
2876163,21-060244,2,False,0109,12/26/2021 2:13:00 PM,1413,25X,14,109,Oakland,1,True,True,C,REAR END,,Sunday,,,,,False,False,False,,C,OTHER MOTOR VEHICLE,,0,0,RAINING,,NO UNUSUAL CONDITIONS - NO UNUSUAL CONDITIONS,,A,DAYLIGHT,,,,,,,A,NO PEDESTRIANS INVOLVED,,D,,,,MACARTHUR BL,2,,,B,,,GREEN ACRE RD,,,D,7/29/2024 11:29:06 AM,1/29/2025 3:03:47 PM,,,2,,,,,,,
2876161,21-039175,2,False,0109,8/21/2021 6:10:00 PM,1810,28X,14,109,Oakland,1,True,True,C,REAR END,,Saturday,,,M,,False,False,False,,C,OTHER MOTOR VEHICLE,,0,0,CLEAR,,NO UNUSUAL CONDITIONS - NO UNUSUAL CONDITIONS,,A,DAYLIGHT,,,,,,,A,NO PEDESTRIANS INVOLVED,,A,21804A,,1,HIGH ST,2,,,A,,,SUTER ST,,,D,7/29/2024 11:29:06 AM,1/29/2025 3:03:47 PM,,,2,,,,,,,
2876160,21-039610,2,False,0109,8/24/2021 2:40:00 PM,1440,05X,14,109,Oakland,1,True,True,D,BROADSIDE,,Tuesday,,,,,False,False,False,,C,OTHER MOTOR VEHICLE,,0,0,CLEAR,,NO UNUSUAL CONDITIONS - NO UNUSUAL CONDITIONS,,A,DAYLIGHT,,,,,,,A,NO PEDESTRIANS INVOLVED,,A,21802A,,1,ADELINE ST,1,,,A,,,21ST ST,,,A,7/29/2024 11:29:06 AM,1/29/2025 3:03:47 PM,,,2,,,,,,,
2876158,21-039770,2,False,0109,8/25/2021 10:54:00 AM,1054,08X,14,109,Oakland,1,True,True,H,OTHER,,Wednesday,,,,,False,False,False,,E,PARKED MOTOR VEHICLE,,0,0,CLEAR,,NO UNUSUAL CONDITIONS - NO UNUSUAL CONDITIONS,,A,DAYLIGHT,,,,,,,A,NO PEDESTRIANS INVOLVED,,D,,,,WEBSTER ST,1,,,A,S,100.0,34TH ST,F,,D,7/29/2024 11:29:06 AM,1/29/2025 3:03:47 PM,,,2,,,,,,,
2876154,21-054750,2,False,0109,11/21/2021 10:21:00 PM,2221,27X,14,109,Oakland,1,True,True,C,REAR END,,Sunday,,,M,,False,False,False,,C,OTHER MOTOR VEHICLE,,0,0,CLEAR,,NO UNUSUAL CONDITIONS - NO UNUSUAL CONDITIONS,,C,DARK-STREET LIGHTS,,,,,,,A,NO PEDESTRIANS INVOLVED,,A,23152A,,1,MACARTHUR BL,2,,,A,W,20.0,SEMINARY AV,F,,A,7/29/2024 11:29:05 AM,1/29/2025 3:03:47 PM,,,2,,,,,,,
2876153,21-048709,2,False,0109,10/17/2021 3:32:00 AM,332,22Y,14,109,Oakland,1,True,True,E,HIT OBJECT,,Sunday,,,M,,False,False,False,,I,FIXED OBJECT,,0,0,CLEAR,,NO UNUSUAL CONDITIONS - NO UNUSUAL CONDITIONS,,C,DARK-STREET LIGHTS,,,,,,,A,NO PEDESTRIANS INVOLVED,,A,22107,,1,FRUITVALE AV,1,,,A,,,MACARTHUR BL,,,A,7/29/2024 11:29:05 AM,1/29/2025 3:03:47 PM,,,2,,,,,,,
2876152,21-055789,2,False,0109,11/28/2021 7:20:00 PM,1920,19X,14,109,Oakland,1,True,True,B,SIDE SWIPE,,Sunday,,,M,,False,False,False,,E,PARKED MOTOR VEHICLE,,0,0,CLEAR,,NO UNUSUAL CONDITIONS - NO UNUSUAL CONDITIONS,,C,DARK-STREET LIGHTS,,,,,,,A,NO PEDESTRIANS INVOLVED,,A,23152A,,1,FOOTHILL BL,1,,,A,W,20.0,17TH AV,F,,D,7/29/2024 11:29:05 AM,1/29/2025 3:03:47 PM,,,2,,,,,,,
2876151,21-052623,2,False,0109,11/8/2021 8:20:00 PM,2020,08X,14,109,Oakland,1,True,True,B,SIDE SWIPE,,Monday,,,,,False,False,True,,C,OTHER MOTOR VEHICLE,,0,0,RAINING,,NO UNUSUAL CONDITIONS - NO UNUSUAL CONDITIONS,,C,DARK-STREET LIGHTS,,,,,,,A,NO PEDESTRIANS INVOLVED,,A,23152A,,1,WEST GRAND AV,1,,,B,W,23.0,VALLEY ST,F,,A,7/29/2024 11:29:05 AM,1/29/2025 3:03:47 PM,,,2,,,,,,,
2876147,21-022288,2,False,0109,5/15/2021 11:54:00 PM,2354,30X,14,109,Oakland,1,True,True,D,BROADSIDE,,Saturday,,,,,False,False,True,,C,OTHER MOTOR VEHICLE,,0,0,CLEAR,,NO UNUSUAL CONDITIONS - NO UNUSUAL CONDITIONS,,D,DARK-NO STREET LIGHTS,,,,,,,A,NO PEDESTRIANS INVOLVED,,A,21453A,,,73RD AV,2,,,A,,,INTERNATIONAL BL,,,A,7/29/2024 11:29:05 AM,1/29/2025 3:03:47 PM,,,2,,,,,,,
2876145,21-034353,2,False,0109,7/24/2021 7:35:00 PM,1935,04X,14,109,Oakland,1,True,True,E,HIT OBJECT,,Saturday,,,,,False,False,True,,I,FIXED OBJECT,,0,0,CLEAR,,NO UNUSUAL CONDITIONS - NO UNUSUAL CONDITIONS,,A,DAYLIGHT,,,,,,,A,NO PEDESTRIANS INVOLVED,,A,23152A,,1,WEBSTER ST,1,,,A,S,20.0,17TH ST,F,,A,7/29/2024 11:29:04 AM,1/29/2025 3:03:46 PM,,,2,,,,,,,
2876138,21-031247,2,False,0109,7/6/2021 4:21:00 PM,1621,04X,14,109,Oakland,1,True,True,B,SIDE SWIPE,,Tuesday,,,M,,False,False,False,,C,OTHER MOTOR VEHICLE,,0,0,CLEAR,,NO UNUSUAL CONDITIONS - NO UNUSUAL CONDITIONS,,A,DAYLIGHT,,,,,,,A,NO PEDESTRIANS INVOLVED,,A,22102,,1,BROADWAY ST,1,,,A,,,14TH ST,,,A,7/29/2024 11:29:03 AM,1/29/2025 3:03:46 PM,,,2,,,,,,,
2876126,21-045477,2,False,0109,9/28/2021 6:48:00 PM,1848,03X,14,109,Oakland,1,True,True,B,SIDE SWIPE,,Tuesday,,,M,,False,False,False,,C,OTHER MOTOR VEHICLE,,0,0,CLEAR,,NO UNUSUAL CONDITIONS - NO UNUSUAL CONDITIONS,,A,DAYLIGHT,,,,,,,A,NO PEDESTRIANS INVOLVED,,A,21453A,,1,9TH ST,1,,,A,,,BROADWAY,,,A,7/29/2024 11:29:02 AM,1/29/2025 3:03:46 PM,,,2,,,,,,,
2876124,21-042099,2,False,0109,9/7/2021 7:39:00 PM,1939,19X,14,109,Oakland,1,True,True,C,REAR END,,Tuesday,,,,,False,False,True,,C,OTHER MOTOR VEHICLE,,0,0,CLEAR,,NO UNUSUAL CONDITIONS - NO UNUSUAL CONDITIONS,,C,DARK-STREET LIGHTS,,,,,,,A,NO PEDESTRIANS INVOLVED,,A,23152A,,1,FOOTHILL BL,2,,,A,E,100.0,2ND AV,F,,D,7/29/2024 11:29:02 AM,1/29/2025 3:03:46 PM,,,2,,,,,,,
2876120,21-015889,2,False,0109,4/7/2021 9:07:00 PM,2107,31X,14,109,Oakland,1,True,True,D,BROADSIDE,,Wednesday,,,,,False,False,True,,C,OTHER MOTOR VEHICLE,,1,0,CLEAR,,NO UNUSUAL CONDITIONS - NO UNUSUAL CONDITIONS,,C,DARK-STREET LIGHTS,,,,,,,A,NO PEDESTRIANS INVOLVED,,A,21453A,,1,DOOLITTLE DR,2,,,A,,,HEGENBERGER RD,,,A,7/29/2024 11:29:01 AM,1/29/2025 3:03:46 PM,,,2,,,,,,,
2876118,21-041815,2,False,0109,9/6/2021 2:48:00 AM,248,30X,14,109,Oakland,1,True,True,E,HIT OBJECT,,Monday,,,M,,False,False,True,,I,FIXED OBJECT,,0,0,CLEAR,,NO UNUSUAL CONDITIONS - NO UNUSUAL CONDITIONS,,C,DARK-STREET LIGHTS,,,,,,,A,NO PEDESTRIANS INVOLVED,,A,22350,,1,MCCORMICK AV,2,,,A,N,36.0,STERLING DR,F,,D,7/29/2024 11:29:01 AM,1/29/2025 3:03:46 PM,,,2,,,,,,,
2876104,22-051197,2,False,0109,1/10/2021 7:19:00 PM,1919,,14,109,Oakland,1,True,True,D,BROADSIDE,,Sunday,,,M,,False,False,False,,C,OTHER MOTOR VEHICLE,,1,0,CLEAR,,NO UNUSUAL CONDITIONS - NO UNUSUAL CONDITIONS,,C,DARK-STREET LIGHTS,,,,,,,A,NO PEDESTRIANS INVOLVED,,A,22107,,1,MARTIN LUTHER KING JR WY,1,,,A,,,DOVER ST,,,A,7/29/2024 11:28:59 AM,1/29/2025 3:03:45 PM,,,2,,,,,,,