collision-id,report-number,report-version,is-preliminary,ncic-code,crash-date-time,crash-time-description,beat,city-id,city-code,city-name,county-code,city-is-active,city-is-incorporated,collision-type-code,collision-type-description,collision-type-other-desc,day-of-week,dispatch-notified,has-photographs,hit-run,is-attachments-mailed,is-deleted,is-highway-related,is-tow-away,judicial-district,motor-vehicle-involved-with-code,motor-vehicle-involved-with-desc,motor-vehicle-involved-with-other-desc,number-injured,number-killed,weather-1,weather-2,road-condition-1,road-condition-2,special-condition-lighting-code,lighting-description,latitude,longitude,milepost-direction,milepost-distance,milepost-marker,milepost-unit-of-measure,pedestrian-action-code,pedestrian-action-desc,prepared-date,primary-collision-factor-code,primary-collision-factor-violation,primary-collision-factor-is-cited,primary-collision-party-number,primary-road,reporting-district,reporting-district-code,reviewed-date,roadway-surface-code,secondary-direction,secondary-distance,secondary-road,secondary-unit-of-measure,sketch-desc,traffic-control-device-code,created-date,modified-date,is-county-road,is-freeway,chp-555-version,is-additonal-object-struck,notification-date,notification-time-description,has-digital-media-files,evidence-number,is-location-refer-to-narrative,is-aoi-one-same-as-location
2875273,2021-00053967,2,False,0109,11/20/2021 10:30:00 PM,2230,10,14,109,Oakland,1,True,True,C,REAR END,,Saturday,,,F,,False,False,False,,C,OTHER MOTOR VEHICLE,,2,0,CLEAR,,NO UNUSUAL CONDITIONS - NO UNUSUAL CONDITIONS,,C,DARK-STREET LIGHTS,37.847261,122.271728,,,,,A,NO PEDESTRIANS INVOLVED,,A,21703,,1,MARTIN LUTHER KING JR,39,,,A,,,61ST ST,,,D,7/29/2024 11:26:55 AM,1/29/2025 3:03:15 PM,,,3,,,,,,,
2875272,21-054504,2,False,0109,11/20/2021 1:05:00 AM,105,05X,14,109,Oakland,1,True,True,A,HEAD-ON,,Saturday,,,,,False,False,True,,C,OTHER MOTOR VEHICLE,,1,0,CLOUDY,,NO UNUSUAL CONDITIONS - NO UNUSUAL CONDITIONS,,C,DARK-STREET LIGHTS,,,,,,,A,NO PEDESTRIANS INVOLVED,,A,21453A,,1,17TH ST,1,,,A,,,BRUSH ST,,,A,7/29/2024 11:26:55 AM,1/29/2025 3:03:15 PM,,,2,,,,,,,
2875264,21-048507,2,False,0109,10/16/2021 1:37:00 AM,137,30X,14,109,Oakland,1,True,True,B,SIDE SWIPE,,Saturday,,,,,False,False,True,,E,PARKED MOTOR VEHICLE,,0,0,CLEAR,,NO UNUSUAL CONDITIONS - NO UNUSUAL CONDITIONS,,C,DARK-STREET LIGHTS,,,,,,,A,NO PEDESTRIANS INVOLVED,,A,22350,,1,FONTAINE ST,2,,,A,,,HOLMES AV,,,D,7/29/2024 11:26:54 AM,1/29/2025 3:03:15 PM,,,2,,,,,,,
2875263,21-013706,2,False,0109,3/26/2021 2:07:00 AM,207,35Y,14,109,Oakland,1,True,True,E,HIT OBJECT,,Friday,,,M,,False,False,True,,I,FIXED OBJECT,,0,0,CLEAR,,NO UNUSUAL CONDITIONS - NO UNUSUAL CONDITIONS,,C,DARK-STREET LIGHTS,,,,,,,A,NO PEDESTRIANS INVOLVED,,A,22107,,1,GRASS VALLEY RD,2,,,A,S,60.0,GLEN MANOR,F,,D,7/29/2024 11:26:54 AM,1/29/2025 3:03:15 PM,,,2,,,,,,,
2875260,21-049227,2,False,0109,10/20/2021 8:15:00 AM,815,30Y,14,109,Oakland,1,True,True,C,REAR END,,Wednesday,,,M,,False,False,False,,C,OTHER MOTOR VEHICLE,,0,0,CLOUDY,,NO UNUSUAL CONDITIONS - NO UNUSUAL CONDITIONS,,A,DAYLIGHT,,,,,,,A,NO PEDESTRIANS INVOLVED,,A,22350,,1,73RD,2,,,A,N,10.0,NEY AV,F,,D,7/29/2024 11:26:53 AM,1/29/2025 3:03:15 PM,,,2,,,,,,,
2875259,21-047339,2,False,0109,10/9/2021 12:52:00 PM,1252,19X,14,109,Oakland,1,True,True,D,BROADSIDE,,Saturday,,,,,False,False,True,,C,OTHER MOTOR VEHICLE,,0,0,CLEAR,,NO UNUSUAL CONDITIONS - NO UNUSUAL CONDITIONS,,A,DAYLIGHT,,,,,,,A,NO PEDESTRIANS INVOLVED,,A,22107,,1,INTERNATIONAL BL,1,,,A,,,12TH AV,,,D,7/29/2024 11:26:53 AM,1/29/2025 3:03:15 PM,,,2,,,,,,,
2875254,21-047257,2,False,0109,10/8/2021 10:25:00 PM,2225,12X,14,109,Oakland,1,True,True,D,BROADSIDE,,Friday,,,,,False,False,False,,C,OTHER MOTOR VEHICLE,,0,0,CLEAR,,NO UNUSUAL CONDITIONS - NO UNUSUAL CONDITIONS,,E,DARK-STREET LIGHTS NOT FUNCTIONING*,,,,,,,A,NO PEDESTRIANS INVOLVED,,A,22450A,,1,56TH ST,2,,,A,,,TELEGRAPH AV,,,B,7/29/2024 11:26:52 AM,1/29/2025 3:03:14 PM,,,2,,,,,,,
2875251,21-046440,2,False,0109,10/4/2021 3:24:00 PM,1524,28X,14,109,Oakland,1,True,True,D,BROADSIDE,,Monday,,,,,False,False,True,,C,OTHER MOTOR VEHICLE,,0,0,CLOUDY,,NO UNUSUAL CONDITIONS - NO UNUSUAL CONDITIONS,,B,DUSK-DAWN,,,,,,,A,NO PEDESTRIANS INVOLVED,,A,21802A,,1,BEST AV,2,,,A,,,FLEMING AV,,,A,7/29/2024 11:26:52 AM,1/29/2025 3:03:14 PM,,,2,,,,,,,
2875227,21-060230,2,False,0109,12/6/2021 11:30:00 AM,1130,23X,14,109,Oakland,1,True,True,C,REAR END,,Monday,,,M,,False,False,False,,E,PARKED MOTOR VEHICLE,,0,0,RAINING,,NO UNUSUAL CONDITIONS - NO UNUSUAL CONDITIONS,,A,DAYLIGHT,,,,,,,A,NO PEDESTRIANS INVOLVED,,A,22107,,1,34TH AV,2,,,B,S,30.0,SAN LEANDRO ST,F,,D,7/29/2024 11:26:49 AM,1/29/2025 3:03:14 PM,,,2,,,,,,,
2875226,21-018626,2,False,0109,4/24/2021 4:44:00 AM,444,20X,14,109,Oakland,1,True,True,D,BROADSIDE,,Saturday,,,M,,False,False,False,,C,OTHER MOTOR VEHICLE,,0,0,CLEAR,,NO UNUSUAL CONDITIONS - NO UNUSUAL CONDITIONS,,C,DARK-STREET LIGHTS,,,,,,,A,NO PEDESTRIANS INVOLVED,,A,22450A,,1,INTERNATIONAL BL,1,,,A,,,MILLER AV,,,A,7/29/2024 11:26:48 AM,1/29/2025 3:03:14 PM,,,2,,,,,,,
2875225,21-049603,2,False,0109,10/22/2021 11:08:00 AM,1108,21X,14,109,Oakland,1,True,True,A,HEAD-ON,,Friday,,,M,,False,False,True,,C,OTHER MOTOR VEHICLE,,0,0,CLOUDY,,NO UNUSUAL CONDITIONS - NO UNUSUAL CONDITIONS,,A,DAYLIGHT,,,,,,,A,NO PEDESTRIANS INVOLVED,,A,22350,,1,FRUITVALE AV,1,,,A,,,E 17TH ST,,,D,7/29/2024 11:26:48 AM,1/29/2025 3:03:14 PM,,,2,,,,,,,
2875224,21-048092,2,False,0109,10/13/2021 3:52:00 PM,1552,26X,14,109,Oakland,1,True,True,C,REAR END,,Wednesday,,,,,False,False,False,,C,OTHER MOTOR VEHICLE,,0,0,CLEAR,,NO UNUSUAL CONDITIONS - NO UNUSUAL CONDITIONS,,A,DAYLIGHT,,,,,,,A,NO PEDESTRIANS INVOLVED,,A,22350,,1,OAKPORT ST,2,,,A,,,HIGH ST,,,A,7/29/2024 11:26:48 AM,1/29/2025 3:03:14 PM,,,2,,,,,,,
2875223,21-055449,2,False,0109,11/26/2021 9:59:00 AM,959,27X,14,109,Oakland,1,True,True,C,REAR END,,Friday,,,M,,False,False,False,,E,PARKED MOTOR VEHICLE,,0,0,CLEAR,,NO UNUSUAL CONDITIONS - NO UNUSUAL CONDITIONS,,A,DAYLIGHT,,,,,,,A,NO PEDESTRIANS INVOLVED,,A,22107,,1,BELVEDERE ST,2,,,A,S,50.0,TRASK ST,F,,D,7/29/2024 11:26:48 AM,1/29/2025 3:03:14 PM,,,2,,,,,,,
2875221,21-056336,2,False,0109,12/1/2021 6:11:00 PM,1811,20X,14,109,Oakland,1,True,True,D,BROADSIDE,,Wednesday,,,M,,False,False,False,,C,OTHER MOTOR VEHICLE,,0,0,CLOUDY,,NO UNUSUAL CONDITIONS - NO UNUSUAL CONDITIONS,,C,DARK-STREET LIGHTS,,,,,,,A,NO PEDESTRIANS INVOLVED,,A,22107,,1,E 9TH ST,1,,,A,E,0.25,29TH AV,M,,A,7/29/2024 11:26:48 AM,1/29/2025 3:03:14 PM,,,2,,,,,,,
2875219,21-040244,2,False,0109,8/28/2021 9:50:00 AM,950,03X,14,109,Oakland,1,True,True,B,SIDE SWIPE,,Saturday,,,,,False,False,False,,E,PARKED MOTOR VEHICLE,,0,0,CLEAR,,NO UNUSUAL CONDITIONS - NO UNUSUAL CONDITIONS,,A,DAYLIGHT,,,,,,,A,NO PEDESTRIANS INVOLVED,,A,22107,,1,WEBSTER ST,1,,,A,S,20.0,10TH ST,F,,A,7/29/2024 11:26:48 AM,1/29/2025 3:03:14 PM,,,2,,,,,,,
2875217,21-033376,2,False,0109,7/18/2021 6:01:00 PM,1801,27Y,14,109,Oakland,1,True,True,F,OVERTURNED,,Sunday,,,,,False,False,True,,C,OTHER MOTOR VEHICLE,,0,0,CLEAR,,NO UNUSUAL CONDITIONS - NO UNUSUAL CONDITIONS,,A,DAYLIGHT,,,,,,,A,NO PEDESTRIANS INVOLVED,,A,22107,,1,BANCROFT AV,2,,,A,,,68TH AV,,,A,7/29/2024 11:26:47 AM,1/29/2025 3:03:14 PM,,,2,,,,,,,
2875216,21-059171,2,False,0109,12/18/2021 10:40:00 PM,2240,04X,14,109,Oakland,1,True,True,B,SIDE SWIPE,,Saturday,,,,,False,False,False,,C,OTHER MOTOR VEHICLE,,1,0,CLEAR,,NO UNUSUAL CONDITIONS - NO UNUSUAL CONDITIONS,,C,DARK-STREET LIGHTS,,,,,,,A,NO PEDESTRIANS INVOLVED,,A,21801A,,1,BROADWAY,1,,,A,,,GRAND AV,,,A,7/29/2024 11:26:47 AM,1/29/2025 3:03:14 PM,,,2,,,,,,,
2875215,21-056079,2,False,0109,11/30/2021 11:35:00 AM,1135,32X,14,109,Oakland,1,True,True,D,BROADSIDE,,Tuesday,,,,,False,False,False,,C,OTHER MOTOR VEHICLE,,3,0,CLEAR,,NO UNUSUAL CONDITIONS - NO UNUSUAL CONDITIONS,,A,DAYLIGHT,,,,,,,A,NO PEDESTRIANS INVOLVED,,A,22107,,1,105TH AV,2,,,A,N,50.0,SAN LEANDRO ST,F,,D,7/29/2024 11:26:47 AM,1/29/2025 3:03:14 PM,,,2,,,,,,,
2875210,21-048222,2,False,0109,10/14/2021 9:50:00 AM,950,17X,14,109,Oakland,1,True,True,D,BROADSIDE,,Thursday,,,M,,False,False,False,,C,OTHER MOTOR VEHICLE,,1,0,CLEAR,,NO UNUSUAL CONDITIONS - NO UNUSUAL CONDITIONS,,A,DAYLIGHT,,,,,,,A,NO PEDESTRIANS INVOLVED,,A,21453A,,1,MACARTHUR BL,1,,,A,,,BEAUMONT AV,,,A,7/29/2024 11:26:46 AM,1/29/2025 3:03:13 PM,,,2,,,,,,,
2875208,21-047944,2,False,0109,10/12/2021 9:30:00 PM,2130,12X,14,109,Oakland,1,True,True,C,REAR END,,Tuesday,,,,,False,False,True,,E,PARKED MOTOR VEHICLE,,1,0,CLEAR,,NO UNUSUAL CONDITIONS - NO UNUSUAL CONDITIONS,,C,DARK-STREET LIGHTS,,,,,,,A,NO PEDESTRIANS INVOLVED,,A,23152A,,1,MORAGA AV,1,,,A,N,297.0,PLEASANT VALLEY,F,,A,7/29/2024 11:26:46 AM,1/29/2025 3:03:13 PM,,,2,,,,,,,
2875207,21-047885,2,False,0109,10/12/2021 3:20:00 PM,1520,09X,14,109,Oakland,1,True,True,D,BROADSIDE,,Tuesday,,,,,False,False,True,,D,MOTOR VEHICLE ON OTHER ROADWAY,,1,0,CLEAR,,NO UNUSUAL CONDITIONS - NO UNUSUAL CONDITIONS,,A,DAYLIGHT,,,,,,,A,NO PEDESTRIANS INVOLVED,,A,21453A,,1,MACARTHUR BL,1,,,A,,,OAKLAND AV,,,A,7/29/2024 11:26:46 AM,1/29/2025 3:03:13 PM,,,2,,,,,,,
2875205,21-047324,2,False,0109,10/9/2021 11:30:00 AM,1130,32X,14,109,Oakland,1,True,True,D,BROADSIDE,,Saturday,,,M,,False,False,False,,C,OTHER MOTOR VEHICLE,,1,0,CLEAR,,NO UNUSUAL CONDITIONS - NO UNUSUAL CONDITIONS,,A,DAYLIGHT,,,,,,,A,NO PEDESTRIANS INVOLVED,,A,21453A,,1,100TH AV,2,,,A,,,INTERNATIONAL BL,,,A,7/29/2024 11:26:45 AM,1/29/2025 3:03:13 PM,,,2,,,,,,,
2875189,21-024827,2,False,0109,5/30/2021 8:34:00 PM,2034,27X,14,109,Oakland,1,True,True,D,BROADSIDE,,Sunday,,,,,False,False,True,,C,OTHER MOTOR VEHICLE,,0,0,CLEAR,,NO UNUSUAL CONDITIONS - NO UNUSUAL CONDITIONS,,C,DARK-STREET LIGHTS,,,,,,,A,NO PEDESTRIANS INVOLVED,,A,21453A,,1,BANCROFT AV,2,,,A,,,VICKSBURG AV,,,A,7/29/2024 11:26:43 AM,1/29/2025 3:03:13 PM,,,2,,,,,,,
2875178,21-044255,2,False,0109,9/21/2021 10:42:00 AM,1042,20X,14,109,Oakland,1,True,True,A,HEAD-ON,,Tuesday,,,,,False,False,False,,C,OTHER MOTOR VEHICLE,,3,0,CLEAR,,NO UNUSUAL CONDITIONS - NO UNUSUAL CONDITIONS,,A,DAYLIGHT,,,,,,,A,NO PEDESTRIANS INVOLVED,,A,22107,,1,29TH AV,1,,,A,S,380.0,E 10TH ST,F,,A,7/29/2024 11:26:42 AM,1/29/2025 3:03:12 PM,,,2,,,,,,,
2875176,21-043746,2,False,0109,9/18/2021 12:30:00 AM,30,08X,14,109,Oakland,1,True,True,B,SIDE SWIPE,,Saturday,,,,,False,False,False,,E,PARKED MOTOR VEHICLE,,1,0,CLEAR,,NO UNUSUAL CONDITIONS - NO UNUSUAL CONDITIONS,,C,DARK-STREET LIGHTS,,,,,,,A,NO PEDESTRIANS INVOLVED,,A,22107,,1,28TH ST,1,,,A,E,30.0,VALDEZ ST,F,,D,7/29/2024 11:26:42 AM,1/29/2025 3:03:12 PM,,,2,,,,,,,
2875175,21-036727,2,False,0109,8/7/2021 1:25:00 PM,1325,03Y,14,109,Oakland,1,True,True,D,BROADSIDE,,Saturday,,,M,,False,False,False,,C,OTHER MOTOR VEHICLE,,2,0,CLEAR,,NO UNUSUAL CONDITIONS - NO UNUSUAL CONDITIONS,,A,DAYLIGHT,,,,,,,A,NO PEDESTRIANS INVOLVED,,A,21453A,,1,11TH ST,1,,,A,,,JEFFERSON ST,,,A,7/29/2024 11:26:41 AM,1/29/2025 3:03:12 PM,,,2,,,,,,,
2875173,21-037648,2,False,0109,8/12/2021 8:26:00 PM,2026,27X,14,109,Oakland,1,True,True,E,HIT OBJECT,,Thursday,,,M,,False,False,True,,I,FIXED OBJECT,,1,0,CLEAR,,NO UNUSUAL CONDITIONS - NO UNUSUAL CONDITIONS,,C,DARK-STREET LIGHTS,,,,,,,A,NO PEDESTRIANS INVOLVED,,A,23152A,,1,FOOTHILL BL,2,,,A,W,60.0,50TH AV,F,,D,7/29/2024 11:26:41 AM,1/29/2025 3:03:12 PM,,,2,,,,,,,
2875157,21-054413,2,False,0109,11/19/2021 1:15:00 PM,1315,26X,14,109,Oakland,1,True,True,D,BROADSIDE,,Friday,,,M,,False,False,False,,C,OTHER MOTOR VEHICLE,,0,0,CLEAR,,NO UNUSUAL CONDITIONS - NO UNUSUAL CONDITIONS,,A,DAYLIGHT,,,,,,,A,NO PEDESTRIANS INVOLVED,,A,21453A,,1,46TH AV,2,,,A,,,INTERNATIONAL BL,,,A,7/29/2024 11:26:39 AM,1/29/2025 3:03:11 PM,,,2,,,,,,,
2875154,21-040402,2,False,0109,8/29/2021 4:15:00 AM,415,02X,14,109,Oakland,1,True,True,C,REAR END,,Sunday,,,,,False,False,True,,E,PARKED MOTOR VEHICLE,,0,0,CLEAR,,NO UNUSUAL CONDITIONS - NO UNUSUAL CONDITIONS,,C,DARK-STREET LIGHTS,,,,,,,A,NO PEDESTRIANS INVOLVED,,A,23152A,,1,7TH ST,1,,,A,W,150.0,LINDEN ST,F,,A,7/29/2024 11:26:39 AM,1/29/2025 3:03:11 PM,,,2,,,,,,,
2875151,21-037503,2,False,0109,8/11/2021 9:00:00 PM,2100,30X,14,109,Oakland,1,True,True,B,SIDE SWIPE,,Wednesday,,,M,,False,False,False,,E,PARKED MOTOR VEHICLE,,0,0,CLEAR,,NO UNUSUAL CONDITIONS - NO UNUSUAL CONDITIONS,,C,DARK-STREET LIGHTS,,,,,,,A,NO PEDESTRIANS INVOLVED,,A,22107,,1,69TH AV,2,,,A,,,WELD ST,,,D,7/29/2024 11:26:38 AM,1/29/2025 3:03:11 PM,,,2,,,,,,,
2875147,21-044668,2,False,0109,9/23/2021 9:33:00 PM,2133,07X,14,109,Oakland,1,True,True,B,SIDE SWIPE,,Thursday,,,,,False,False,False,,C,OTHER MOTOR VEHICLE,,0,0,CLEAR,,,,C,DARK-STREET LIGHTS,,,,,,,A,NO PEDESTRIANS INVOLVED,,A,21802A,,1,34TH ST,1,,,A,,,MANDELA PKWY,,,D,7/29/2024 11:26:37 AM,1/29/2025 3:03:11 PM,,,2,,,,,,,
2875144,21-001200,2,False,0109,1/8/2021 3:07:00 PM,1507,06X,14,109,Oakland,1,True,True,B,SIDE SWIPE,,Friday,,,,,False,False,False,,C,OTHER MOTOR VEHICLE,,0,0,CLEAR,,NO UNUSUAL CONDITIONS - NO UNUSUAL CONDITIONS,,A,DAYLIGHT,,,,,,,A,NO PEDESTRIANS INVOLVED,,A,21460A,,1,MARTIN LUTHER KING JR WY,1,,,A,,,37TH ST,,,D,7/29/2024 11:26:37 AM,1/29/2025 3:03:11 PM,,,2,,,,,,,
2875143,21-045377,2,False,0109,9/28/2021 8:50:00 AM,850,19X,14,109,Oakland,1,True,True,D,BROADSIDE,,Tuesday,,,,,False,False,False,,C,OTHER MOTOR VEHICLE,,0,0,CLEAR,,NO UNUSUAL CONDITIONS - NO UNUSUAL CONDITIONS,,A,DAYLIGHT,,,,,,,A,NO PEDESTRIANS INVOLVED,,A,21802A,,1,E 15TH ST,1,,,A,,,13TH AV,,,D,7/29/2024 11:26:37 AM,1/29/2025 3:03:11 PM,,,2,,,,,,,
2875140,21-040361,2,False,0109,8/26/2021 9:31:00 PM,2131,31X,14,109,Oakland,1,True,True,D,BROADSIDE,,Thursday,,,M,,False,False,False,,C,OTHER MOTOR VEHICLE,,0,0,CLEAR,,NO UNUSUAL CONDITIONS - NO UNUSUAL CONDITIONS,,C,DARK-STREET LIGHTS,,,,,,,A,NO PEDESTRIANS INVOLVED,,A,22450A,,1,105TH AV,2,,,A,N,400.0,ROYAL ANN ST,F,,A,7/29/2024 11:26:37 AM,1/29/2025 3:03:11 PM,,,2,,,,,,,
2875125,21-024771,2,False,0109,5/30/2021 12:13:00 PM,1213,34X,14,109,Oakland,1,True,True,D,BROADSIDE,,Sunday,,,,,False,False,True,,C,OTHER MOTOR VEHICLE,,1,0,CLEAR,,NO UNUSUAL CONDITIONS - NO UNUSUAL CONDITIONS,,A,DAYLIGHT,,,,,,,A,NO PEDESTRIANS INVOLVED,,A,21460A,,,90TH AV,2,,,A,S,90.0,OLIVE ST,F,,D,7/29/2024 11:26:35 AM,1/29/2025 3:03:10 PM,,,2,,,,,,,
2875123,21-017682,2,False,0109,4/18/2021 9:50:00 PM,2150,34X,14,109,Oakland,1,True,True,D,BROADSIDE,,Sunday,,,,,False,False,False,,C,OTHER MOTOR VEHICLE,,5,0,CLEAR,,NO UNUSUAL CONDITIONS - NO UNUSUAL CONDITIONS,,C,DARK-STREET LIGHTS,,,,,,,A,NO PEDESTRIANS INVOLVED,,A,21800,,1,BANCROFT AV,2,,,A,,,96TH AV,,,A,7/29/2024 11:26:34 AM,1/29/2025 3:03:10 PM,,,2,,,,,,,
2875121,21-024553,2,False,0109,5/28/2021 11:30:00 PM,2330,21X,14,109,Oakland,1,True,True,D,BROADSIDE,,Friday,,,M,,False,False,True,,C,OTHER MOTOR VEHICLE,,1,0,CLEAR,,NO UNUSUAL CONDITIONS - NO UNUSUAL CONDITIONS,,C,DARK-STREET LIGHTS,,,,,,,A,NO PEDESTRIANS INVOLVED,,A,21453A,,1,FOOTHILL BL,1,,,A,,,FRUITVALE AV,,,A,7/29/2024 11:26:34 AM,1/29/2025 3:03:10 PM,,,2,,,,,,,
2875120,21-023471,2,False,0109,5/22/2021 10:50:00 PM,2250,27X,14,109,Oakland,1,True,True,D,BROADSIDE,,Saturday,,,F,,False,False,True,,C,OTHER MOTOR VEHICLE,,3,0,CLEAR,,NO UNUSUAL CONDITIONS - NO UNUSUAL CONDITIONS,,C,DARK-STREET LIGHTS,,,,,,,A,NO PEDESTRIANS INVOLVED,,A,23152A,,1,INTERNATIONAL BL,2,,,A,,,52ND AV,,,A,7/29/2024 11:26:34 AM,1/29/2025 3:03:10 PM,,,2,,,,,,,
2875119,21-006993,2,False,0109,2/12/2021 12:19:00 AM,19,24X,14,109,Oakland,1,True,True,B,SIDE SWIPE,,Friday,,,,,False,False,True,,E,PARKED MOTOR VEHICLE,,0,0,CLEAR,,NO UNUSUAL CONDITIONS - NO UNUSUAL CONDITIONS,,C,DARK-STREET LIGHTS,,,,,,,A,NO PEDESTRIANS INVOLVED,,A,22107,,1,HIGH ST,2,,,A,N,20.0,LYON AV,F,,D,7/29/2024 11:26:33 AM,1/29/2025 3:03:10 PM,,,2,,,,,,,
2875118,21-055466,2,False,0109,7/12/2021 12:04:00 PM,1204,02X,14,109,Oakland,1,True,True,A,HEAD-ON,,Monday,,,,,False,False,False,,E,PARKED MOTOR VEHICLE,,2,0,CLEAR,,NO UNUSUAL CONDITIONS - NO UNUSUAL CONDITIONS,,A,DAYLIGHT,,,,,,,A,NO PEDESTRIANS INVOLVED,,A,22107,,1,8TH ST,1,,,A,E,50.0,CHESTER ST,F,,A,7/29/2024 11:26:33 AM,1/29/2025 3:03:10 PM,,,2,,,,,,,
2875117,21-014523,2,False,0109,3/3/2021 6:13:00 PM,1813,22Y,14,109,Oakland,1,True,True,C,REAR END,,Wednesday,,,,,False,False,False,,C,OTHER MOTOR VEHICLE,,1,0,CLEAR,,NO UNUSUAL CONDITIONS - NO UNUSUAL CONDITIONS,,A,DAYLIGHT,,,,,,,A,NO PEDESTRIANS INVOLVED,,A,22350,,1,MACARTHUR BL,1,,,A,E,400.0,LAUREL AV,F,,D,7/29/2024 11:26:33 AM,1/29/2025 3:03:10 PM,,,2,,,,,,,
2875116,21-013010,2,False,0109,3/22/2021 4:27:00 AM,427,15X,14,109,Oakland,1,True,True,E,HIT OBJECT,,Monday,,,M,,False,False,True,,I,FIXED OBJECT,,0,0,CLEAR,,NO UNUSUAL CONDITIONS - NO UNUSUAL CONDITIONS,,C,DARK-STREET LIGHTS,,,,,,,A,NO PEDESTRIANS INVOLVED,,A,22107,,1,`E 18TH ST,1,,,A,W,10.0,4TH AV,F,,D,7/29/2024 11:26:33 AM,1/29/2025 3:03:10 PM,,,2,,,,,,,
2875115,21-009707,2,False,0109,3/1/2021 3:02:00 PM,1502,34X,14,109,Oakland,1,True,True,B,SIDE SWIPE,,Monday,,,M,,False,False,True,,C,OTHER MOTOR VEHICLE,,0,0,CLEAR,,NO UNUSUAL CONDITIONS - NO UNUSUAL CONDITIONS,,A,DAYLIGHT,,,,,,,A,NO PEDESTRIANS INVOLVED,,A,22107,,1,78TH AV,2,,,A,,,ALDER ST,,,A,7/29/2024 11:26:33 AM,1/29/2025 3:03:10 PM,,,2,,,,,,,
2875114,21-014964,2,False,0109,4/2/2021 11:50:00 AM,1150,05X,14,109,Oakland,1,True,True,D,BROADSIDE,,Friday,,,,,False,False,True,,C,OTHER MOTOR VEHICLE,,0,0,CLEAR,,NO UNUSUAL CONDITIONS - NO UNUSUAL CONDITIONS,,A,DAYLIGHT,,,,,,,A,NO PEDESTRIANS INVOLVED,,A,21453A,,,BRUSH ST,1,,,A,,,17TH ST,,,A,7/29/2024 11:26:33 AM,1/29/2025 3:03:10 PM,,,2,,,,,,,
2875113,21-022605,2,False,0109,5/17/2021 9:28:00 PM,2128,32X,14,109,Oakland,1,True,True,C,REAR END,,Monday,,,M,,False,False,True,,E,PARKED MOTOR VEHICLE,,0,0,CLEAR,,NO UNUSUAL CONDITIONS - NO UNUSUAL CONDITIONS,,C,DARK-STREET LIGHTS,,,,,,,A,NO PEDESTRIANS INVOLVED,,A,22107,,1,106TH AV,2,,,A,E,430.0,FOOTHILL BL,F,,A,7/29/2024 11:26:33 AM,1/29/2025 3:03:10 PM,,,2,,,,,,,
2875112,21-024521,2,False,0109,5/28/2021 5:21:00 PM,1721,32X,14,109,Oakland,1,True,True,C,REAR END,,Friday,,,,,False,False,False,,C,OTHER MOTOR VEHICLE,,0,0,CLEAR,,NO UNUSUAL CONDITIONS - NO UNUSUAL CONDITIONS,,A,DAYLIGHT,,,,,,,A,NO PEDESTRIANS INVOLVED,,A,22106,,1,104TH AV,2,,,A,,,INTERNATIONAL BL,,,A,7/29/2024 11:26:32 AM,1/29/2025 3:03:10 PM,,,2,,,,,,,
2875111,21-027368,2,False,0109,6/14/2021 3:31:00 AM,331,07X,14,109,Oakland,1,True,True,C,REAR END,,Monday,,,,,False,False,False,,C,OTHER MOTOR VEHICLE,,0,0,CLEAR,,NO UNUSUAL CONDITIONS - NO UNUSUAL CONDITIONS,,C,DARK-STREET LIGHTS,,,,,,,A,NO PEDESTRIANS INVOLVED,,A,22350,,1,26TH ST,1,,,A,E,10.0,LINDEN ST,F,,D,7/29/2024 11:26:32 AM,1/29/2025 3:03:10 PM,,,2,,,,,,,
2875110,21-026691,2,False,0109,6/10/2021 1:00:00 PM,1300,07X,14,109,Oakland,1,True,True,B,SIDE SWIPE,,Thursday,,,M,,False,False,False,,E,PARKED MOTOR VEHICLE,,0,0,CLEAR,,NO UNUSUAL CONDITIONS - NO UNUSUAL CONDITIONS,,A,DAYLIGHT,,,,,,,A,NO PEDESTRIANS INVOLVED,,A,22350,,1,ADELINE ST,2,,,A,N,50.0,26TH ST,F,,D,7/29/2024 11:26:32 AM,1/29/2025 3:03:10 PM,,,2,,,,,,,
2875108,21-025700,2,False,0109,6/5/2021 3:03:00 AM,303,04X,14,109,Oakland,1,True,True,A,HEAD-ON,,Saturday,,,M,,False,False,True,,I,FIXED OBJECT,,0,0,CLEAR,,NO UNUSUAL CONDITIONS - NO UNUSUAL CONDITIONS,,C,DARK-STREET LIGHTS,,,,,,,A,NO PEDESTRIANS INVOLVED,,A,22107,,1,MARTIN LUTHER KING JR WY,1,,,A,N,5.0,14TH ST,F,,A,7/29/2024 11:26:32 AM,1/29/2025 3:03:10 PM,,,2,,,,,,,
2875107,21-030004,2,False,0109,6/29/2021 2:30:00 PM,1430,22Y,14,109,Oakland,1,True,True,C,REAR END,,Tuesday,,,M,,False,False,False,,C,OTHER MOTOR VEHICLE,,0,0,CLEAR,,NO UNUSUAL CONDITIONS - NO UNUSUAL CONDITIONS,,A,DAYLIGHT,,,,,,,A,NO PEDESTRIANS INVOLVED,,A,22350,,,ROODWOOD RD,1,,,A,,,MOUNTAIN BL,,,A,7/29/2024 11:26:32 AM,1/29/2025 3:03:10 PM,,,2,,,,,,,
2875106,21-048989,2,False,0109,10/18/2021 8:16:00 PM,2016,04X,14,109,Oakland,1,True,True,D,BROADSIDE,,Monday,,,,,False,False,True,,C,OTHER MOTOR VEHICLE,,0,0,CLEAR,,NO UNUSUAL CONDITIONS - NO UNUSUAL CONDITIONS,,C,DARK-STREET LIGHTS,,,,,,,A,NO PEDESTRIANS INVOLVED,,A,21801A,,1,SAN PABLO AV,1,,,A,,,THOMAS BERKLEY WY,,,A,7/29/2024 11:26:32 AM,1/29/2025 3:03:09 PM,,,2,,,,,,,