collision-id,report-number,report-version,is-preliminary,ncic-code,crash-date-time,crash-time-description,beat,city-id,city-code,city-name,county-code,city-is-active,city-is-incorporated,collision-type-code,collision-type-description,collision-type-other-desc,day-of-week,dispatch-notified,has-photographs,hit-run,is-attachments-mailed,is-deleted,is-highway-related,is-tow-away,judicial-district,motor-vehicle-involved-with-code,motor-vehicle-involved-with-desc,motor-vehicle-involved-with-other-desc,number-injured,number-killed,weather-1,weather-2,road-condition-1,road-condition-2,special-condition-lighting-code,lighting-description,latitude,longitude,milepost-direction,milepost-distance,milepost-marker,milepost-unit-of-measure,pedestrian-action-code,pedestrian-action-desc,prepared-date,primary-collision-factor-code,primary-collision-factor-violation,primary-collision-factor-is-cited,primary-collision-party-number,primary-road,reporting-district,reporting-district-code,reviewed-date,roadway-surface-code,secondary-direction,secondary-distance,secondary-road,secondary-unit-of-measure,sketch-desc,traffic-control-device-code,created-date,modified-date,is-county-road,is-freeway,chp-555-version,is-additonal-object-struck,notification-date,notification-time-description,has-digital-media-files,evidence-number,is-location-refer-to-narrative,is-aoi-one-same-as-location
2874159,21-057623,2,False,0109,12/8/2021 11:07:00 PM,2307,27X,14,109,Oakland,1,True,True,E,HIT OBJECT,,Wednesday,,,M,,False,False,False,,I,FIXED OBJECT,,0,0,CLOUDY,,NO UNUSUAL CONDITIONS - NO UNUSUAL CONDITIONS,,C,DARK-STREET LIGHTS,,,,,,,A,NO PEDESTRIANS INVOLVED,,A,22350,,1,FOOTHILL BL,2,,,B,E,60.0,HIGH ST,F,,D,7/29/2024 11:24:15 AM,1/29/2025 3:02:34 PM,,,2,,,,,,,
2874155,21-044624,2,False,0109,9/23/2021 5:11:00 PM,1711,26X,14,109,Oakland,1,True,True,D,BROADSIDE,,Thursday,,,,,False,False,False,,G,BICYCLE,,1,0,CLEAR,,NO UNUSUAL CONDITIONS - NO UNUSUAL CONDITIONS,,A,DAYLIGHT,,,,,,,A,NO PEDESTRIANS INVOLVED,,A,216501,,1,69TH AV,2,,,A,S,200.0,HERBERT GUICE WY,F,,D,7/29/2024 11:24:14 AM,1/29/2025 3:02:34 PM,,,2,,,,,,,
2874154,21-053059,2,False,0109,11/11/2021 12:00:00 PM,1200,18X,14,109,Oakland,1,True,True,C,REAR END,,Thursday,,,,,False,False,False,,C,OTHER MOTOR VEHICLE,,0,0,CLEAR,,NO UNUSUAL CONDITIONS - NO UNUSUAL CONDITIONS,,A,DAYLIGHT,,,,,,,A,NO PEDESTRIANS INVOLVED,,A,22350,,1,14TH AV,1,,,A,S,10.0,E 24TH ST,F,,A,7/29/2024 11:24:14 AM,1/29/2025 3:02:34 PM,,,2,,,,,,,
2874153,21-058952,2,False,0109,12/17/2021 3:19:00 PM,1519,24X,14,109,Oakland,1,True,True,B,SIDE SWIPE,,Friday,,,M,,False,False,False,,E,PARKED MOTOR VEHICLE,,0,0,CLEAR,,NO UNUSUAL CONDITIONS - NO UNUSUAL CONDITIONS,,B,DUSK-DAWN,,,,,,,A,NO PEDESTRIANS INVOLVED,,A,22107,,1,35TH AV,2,,,A,N,50.0,BROOKDALE AV,F,,D,7/29/2024 11:24:14 AM,1/29/2025 3:02:34 PM,,,2,,,,,,,
2874152,21-049890,2,False,0109,10/23/2021 8:59:00 PM,2059,33X,14,109,Oakland,1,True,True,A,HEAD-ON,,Saturday,,,,,False,False,True,,C,OTHER MOTOR VEHICLE,,0,0,RAINING,,NO UNUSUAL CONDITIONS - NO UNUSUAL CONDITIONS,,C,DARK-STREET LIGHTS,,,,,,,A,NO PEDESTRIANS INVOLVED,,A,21460A,,1,SAN LEANDRO ST,2,,,B,W,100.0,92ND AV,F,,A,7/29/2024 11:24:14 AM,1/29/2025 3:02:34 PM,,,2,,,,,,,
2874151,21-048556,2,False,0109,10/16/2021 8:04:00 AM,804,31X,14,109,Oakland,1,True,True,B,SIDE SWIPE,,Saturday,,,M,,False,False,False,,C,OTHER MOTOR VEHICLE,,0,0,CLEAR,,NO UNUSUAL CONDITIONS - NO UNUSUAL CONDITIONS,,A,DAYLIGHT,,,,,,,A,NO PEDESTRIANS INVOLVED,,A,22107,,1,EDES AV,2,,,A,E,40.0,HEGENBERGER RD,F,,D,7/29/2024 11:24:14 AM,1/29/2025 3:02:34 PM,,,2,,,,,,,
2874150,21-044712,2,False,0109,9/24/2021 1:40:00 AM,140,34X,14,109,Oakland,1,True,True,B,SIDE SWIPE,,Friday,,,,,False,False,True,,E,PARKED MOTOR VEHICLE,,1,0,CLEAR,,NO UNUSUAL CONDITIONS - NO UNUSUAL CONDITIONS,,C,DARK-STREET LIGHTS,,,,,,,A,NO PEDESTRIANS INVOLVED,,A,22107,,1,HOLLY ST,2,,,A,W,20.0,86TH AV,F,,D,7/29/2024 11:24:14 AM,1/29/2025 3:02:34 PM,,,2,,,,,,,
2874149,21-045720,2,False,0109,9/30/2021 7:05:00 AM,705,19X,14,109,Oakland,1,True,True,D,BROADSIDE,,Thursday,,,M,,False,False,True,,C,OTHER MOTOR VEHICLE,,1,0,CLEAR,,NO UNUSUAL CONDITIONS - NO UNUSUAL CONDITIONS,,A,DAYLIGHT,,,,,,,A,NO PEDESTRIANS INVOLVED,,A,22450A,,1,E 15TH ST,1,,,A,,,25TH AV,,,A,7/29/2024 11:24:13 AM,1/29/2025 3:02:33 PM,,,2,,,,,,,
2874148,21-058725,2,False,0109,12/16/2021 6:51:00 AM,651,17X,14,109,Oakland,1,True,True,D,BROADSIDE,,Thursday,,,,,False,False,False,,C,OTHER MOTOR VEHICLE,,2,0,RAINING,,NO UNUSUAL CONDITIONS - NO UNUSUAL CONDITIONS,,B,DUSK-DAWN,,,,,,,A,NO PEDESTRIANS INVOLVED,,A,21801A,,1,BEAUMONT AV,1,,,B,,,CHATHAM RD,,,A,7/29/2024 11:24:13 AM,1/29/2025 3:02:33 PM,,,2,,,,,,,
2874147,21-045806,2,False,0109,9/30/2021 4:39:00 PM,1639,30X,14,109,Oakland,1,True,True,D,BROADSIDE,,Thursday,,,,,False,False,False,,C,OTHER MOTOR VEHICLE,,2,0,CLEAR,,NO UNUSUAL CONDITIONS - NO UNUSUAL CONDITIONS,,A,DAYLIGHT,,,,,,,A,NO PEDESTRIANS INVOLVED,,A,21801A,,1,FOOTHILL BL,2,,,A,,,CHURCH ST,,,A,7/29/2024 11:24:13 AM,1/29/2025 3:02:33 PM,,,2,,,,,,,
2874146,21-052712,2,False,0109,11/9/2021 10:40:00 AM,1040,02X,14,109,Oakland,1,True,True,D,BROADSIDE,,Tuesday,,,,,False,False,True,,C,OTHER MOTOR VEHICLE,,1,0,RAINING,,NO UNUSUAL CONDITIONS - NO UNUSUAL CONDITIONS,,A,DAYLIGHT,,,,,,,A,NO PEDESTRIANS INVOLVED,,A,21453A,,1,12TH ST,1,,,B,,,MARKET ST,,,A,7/29/2024 11:24:13 AM,1/29/2025 3:02:33 PM,,,2,,,,,,,
2874145,21-050472,2,False,0109,10/27/2021 3:09:00 PM,1509,17X,14,109,Oakland,1,True,True,D,BROADSIDE,,Wednesday,,,,,False,False,True,,,,,0,0,CLEAR,,NO UNUSUAL CONDITIONS - NO UNUSUAL CONDITIONS,,A,DAYLIGHT,,,,,,,A,NO PEDESTRIANS INVOLVED,,A,21453A,,1,BEAUMONT AV,1,,,A,,,MACARTHUR BL,,,A,7/29/2024 11:24:13 AM,1/29/2025 3:02:33 PM,,,2,,,,,,,
2874144,21-049908,2,False,0109,10/24/2021 11:30:00 PM,2330,23X,14,109,Oakland,1,True,True,B,SIDE SWIPE,,Sunday,,,M,,False,False,False,,E,PARKED MOTOR VEHICLE,,1,0,RAINING,,NO UNUSUAL CONDITIONS - NO UNUSUAL CONDITIONS,,C,DARK-STREET LIGHTS,,,,,,,A,NO PEDESTRIANS INVOLVED,,A,22107,,1,35TH AV,2,,,B,S,50.0,E 15TH ST,F,,D,7/29/2024 11:24:12 AM,1/29/2025 3:02:34 PM,,,2,,,,,,,
2874132,21-052316,2,False,0109,11/6/2021 7:36:00 AM,736,06X,14,109,Oakland,1,True,True,A,HEAD-ON,,Saturday,,,M,,False,False,True,,E,PARKED MOTOR VEHICLE,,0,0,CLEAR,,NO UNUSUAL CONDITIONS - NO UNUSUAL CONDITIONS,,B,DUSK-DAWN,,,,,,,A,NO PEDESTRIANS INVOLVED,,A,22107,,1,35TH ST,1,,,A,E,350.0,MARKET ST,F,,D,7/29/2024 11:24:10 AM,1/29/2025 3:02:33 PM,,,2,,,,,,,
2874131,21-046146,2,False,0109,10/3/2021 11:39:00 PM,2339,27Y,14,109,Oakland,1,True,True,C,REAR END,,Sunday,,,,,False,False,False,,E,PARKED MOTOR VEHICLE,,1,0,CLEAR,,NO UNUSUAL CONDITIONS - NO UNUSUAL CONDITIONS,,C,DARK-STREET LIGHTS,,,,,,,A,NO PEDESTRIANS INVOLVED,,A,22107,,1,SEMINARY AV,2,,,A,N,10.0,HILTON ST,F,,D,7/29/2024 11:24:10 AM,1/29/2025 3:02:33 PM,,,2,,,,,,,
2874130,21-059166,2,False,0109,12/18/2021 9:37:00 PM,2137,08X,14,109,Oakland,1,True,True,D,BROADSIDE,,Saturday,,,,,False,False,True,,C,OTHER MOTOR VEHICLE,,0,0,CLEAR,,NO UNUSUAL CONDITIONS - NO UNUSUAL CONDITIONS,,C,DARK-STREET LIGHTS,,,,,,,A,NO PEDESTRIANS INVOLVED,,A,23152A,,1,27TH ST,1,,,A,,,BROADWAY,,,A,7/29/2024 11:24:10 AM,1/29/2025 3:02:33 PM,,,2,,,,,,,
2874129,21-054508,2,False,0109,11/20/2021 2:28:00 AM,228,23X,14,109,Oakland,1,True,True,D,BROADSIDE,,Saturday,,,M,,False,False,False,,C,OTHER MOTOR VEHICLE,,0,0,CLEAR,,NO UNUSUAL CONDITIONS - NO UNUSUAL CONDITIONS,,C,DARK-STREET LIGHTS,,,,,,,A,NO PEDESTRIANS INVOLVED,,A,21453A,,1,35TH AV,2,,,A,,,INTERNATIONAL BL,,,A,7/29/2024 11:24:10 AM,1/29/2025 3:02:33 PM,,,2,,,,,,,
2874128,21-051151,2,False,0109,10/31/2021 4:12:00 PM,1612,18X,14,109,Oakland,1,True,True,B,SIDE SWIPE,,Sunday,,,M,,False,False,False,,C,OTHER MOTOR VEHICLE,,0,0,CLEAR,,NO UNUSUAL CONDITIONS - NO UNUSUAL CONDITIONS,,A,DAYLIGHT,,,,,,,A,NO PEDESTRIANS INVOLVED,,A,22107,,1,17TH AV,1,,,A,N,20.0,E 20TH ST,F,,C,7/29/2024 11:24:10 AM,1/29/2025 3:02:33 PM,,,2,,,,,,,
2874127,21-017722,2,False,0109,4/19/2021 4:16:00 AM,416,04X,14,109,Oakland,1,True,True,D,BROADSIDE,,Monday,,,,,False,False,True,,C,OTHER MOTOR VEHICLE,,2,0,CLEAR,,NO UNUSUAL CONDITIONS - NO UNUSUAL CONDITIONS,,A,DAYLIGHT,,,,,,,F,NOT IN ROAD,,A,23152A,,1,MARTIN LUTHER KING JR WY,1,,,A,,,14TH ST,,,A,7/29/2024 11:24:10 AM,1/29/2025 3:02:33 PM,,,2,,,,,,,
2874126,21-036381,2,False,0109,8/5/2021 12:34:00 PM,1234,04X,14,109,Oakland,1,True,True,D,BROADSIDE,,Thursday,,,,,False,False,False,,C,OTHER MOTOR VEHICLE,,0,0,CLOUDY,,NO UNUSUAL CONDITIONS - NO UNUSUAL CONDITIONS,,A,DAYLIGHT,,,,,,,A,NO PEDESTRIANS INVOLVED,,A,21453A,,1,CASTRO ST,1,,,A,,,17TH ST,,,A,7/29/2024 11:24:10 AM,1/29/2025 3:02:32 PM,,,2,,,,,,,
2874125,21-050817,2,False,0109,10/29/2021 1:40:00 PM,1340,32X,14,109,Oakland,1,True,True,A,HEAD-ON,,Friday,,,M,,False,False,True,,I,FIXED OBJECT,,0,0,CLEAR,,NO UNUSUAL CONDITIONS - NO UNUSUAL CONDITIONS,,A,DAYLIGHT,,,,,,,A,NO PEDESTRIANS INVOLVED,,A,22107,,1,E ST,2,,,A,,,103RD AV,,,D,7/29/2024 11:24:10 AM,1/29/2025 3:02:32 PM,,,2,,,,,,,
2874124,21-040582,2,False,0109,8/30/2021 9:03:00 AM,903,26X,14,109,Oakland,1,True,True,A,HEAD-ON,,Monday,,,M,,False,False,False,,C,OTHER MOTOR VEHICLE,,0,0,CLEAR,,NO UNUSUAL CONDITIONS - NO UNUSUAL CONDITIONS,,A,DAYLIGHT,,,,,,,A,NO PEDESTRIANS INVOLVED,,A,21657,,1,SAN LEANDRO BL,2,,,A,W,20.0,75TH AV,F,,A,7/29/2024 11:24:10 AM,1/29/2025 3:02:32 PM,,,2,,,,,,,
2874123,21-055432,2,False,0109,11/26/2021 7:30:00 AM,730,33X,14,109,Oakland,1,True,True,D,BROADSIDE,,Friday,,,,,False,False,False,,C,OTHER MOTOR VEHICLE,,0,0,CLEAR,,NO UNUSUAL CONDITIONS - NO UNUSUAL CONDITIONS,,A,DAYLIGHT,,,,,,,A,NO PEDESTRIANS INVOLVED,,A,21802A,,1,94TH AV,2,,,A,,,A ST,,,D,7/29/2024 11:24:09 AM,1/29/2025 3:02:32 PM,,,2,,,,,,,
2874122,21-054357,2,False,0109,11/19/2021 7:02:00 AM,702,31X,14,109,Oakland,1,True,True,B,SIDE SWIPE,,Friday,,,,,False,False,False,,C,OTHER MOTOR VEHICLE,,2,0,CLOUDY,,NO UNUSUAL CONDITIONS - NO UNUSUAL CONDITIONS,,A,DAYLIGHT,,,,,,,E,IN ROAD - INCLUDES SHOULDER,,A,21804A,,1,HEGENBERGER RD,2,,,A,S,40.0,EDGEWATER DR,F,,D,7/29/2024 11:24:09 AM,1/29/2025 3:02:32 PM,,,2,,,,,,,
2874121,21-055425,2,False,0109,11/26/2021 6:37:00 AM,637,34X,14,109,Oakland,1,True,True,C,REAR END,,Friday,,,M,,False,False,False,,E,PARKED MOTOR VEHICLE,,0,0,CLEAR,,NO UNUSUAL CONDITIONS - NO UNUSUAL CONDITIONS,,A,DAYLIGHT,,,,,,,A,NO PEDESTRIANS INVOLVED,,A,22106,,1,BIRCH ST,2,,,A,,,85TH AV,,,D,7/29/2024 11:24:09 AM,1/29/2025 3:02:32 PM,,,2,,,,,,,
2874119,21-051859,2,False,0109,11/4/2021 1:25:00 PM,1325,19X,14,109,Oakland,1,True,True,D,BROADSIDE,,Thursday,,,,,False,False,False,,C,OTHER MOTOR VEHICLE,,0,0,CLEAR,,NO UNUSUAL CONDITIONS - NO UNUSUAL CONDITIONS,,A,DAYLIGHT,,,,,,,A,NO PEDESTRIANS INVOLVED,,A,22450A,,1,FOOTHILL BL,1,,,A,,,21ST AV,,,A,7/29/2024 11:24:09 AM,1/29/2025 3:02:32 PM,,,2,,,,,,,
2874040,21-039709,2,False,0109,8/25/2021 6:27:00 AM,627,19X,14,109,Oakland,1,True,True,D,BROADSIDE,,Wednesday,,,,,False,False,False,,C,OTHER MOTOR VEHICLE,,1,0,CLOUDY,,NO UNUSUAL CONDITIONS - NO UNUSUAL CONDITIONS,,B,DUSK-DAWN,,,,,,,A,NO PEDESTRIANS INVOLVED,,A,21453A,,1,FOOTHILL BL,1,,,A,,,22ND AV,,,A,7/29/2024 11:23:57 AM,1/29/2025 3:02:30 PM,,,2,,,,,,,
2874039,21-033398,2,False,0109,7/18/2021 8:50:00 PM,2050,30X,14,109,Oakland,1,True,True,D,BROADSIDE,,Sunday,,,M,,False,False,True,,C,OTHER MOTOR VEHICLE,,0,0,CLEAR,,NO UNUSUAL CONDITIONS - NO UNUSUAL CONDITIONS,,C,DARK-STREET LIGHTS,,,,,,,A,NO PEDESTRIANS INVOLVED,,A,21453A,,1,73RD AV,2,,,A,,,BANCROFT AV,,,A,7/29/2024 11:23:57 AM,1/29/2025 3:02:29 PM,,,2,,,,,,,
2874038,21-035860,2,False,0109,8/2/2021 12:45:00 PM,1245,14X,14,109,Oakland,1,True,True,C,REAR END,,Monday,,,,,False,False,False,,E,PARKED MOTOR VEHICLE,,0,0,CLEAR,,NO UNUSUAL CONDITIONS - NO UNUSUAL CONDITIONS,,A,DAYLIGHT,,,,,,,A,NO PEDESTRIANS INVOLVED,,D,,,,LAKE PARK AV,1,,,A,,,LAKE PARK AV 478,,,D,7/29/2024 11:23:57 AM,1/29/2025 3:02:29 PM,,,2,,,,,,,
2874015,21-057081,2,False,0109,12/5/2021 9:15:00 PM,2115,27X,14,109,Oakland,1,True,True,B,SIDE SWIPE,,Sunday,,,M,,False,False,False,,C,OTHER MOTOR VEHICLE,,0,0,CLEAR,,NO UNUSUAL CONDITIONS - NO UNUSUAL CONDITIONS,,C,DARK-STREET LIGHTS,,,,,,,A,NO PEDESTRIANS INVOLVED,,A,22107,,1,INTERNATIONAL BL,2,,,A,,,65TH AV,,,A,7/29/2024 11:23:53 AM,1/29/2025 3:02:28 PM,,,2,,,,,,,
2874009,21-052657,2,False,0109,11/9/2021 2:35:00 AM,235,24X,14,109,Oakland,1,True,True,E,HIT OBJECT,,Tuesday,,,M,,False,False,True,,I,FIXED OBJECT,,0,0,RAINING,,NO UNUSUAL CONDITIONS - NO UNUSUAL CONDITIONS,,D,DARK-NO STREET LIGHTS,,,,,,,A,NO PEDESTRIANS INVOLVED,,A,22107,,1,GALINDO ST,2,,,B,E,6.0,35TH AV,F,,A,7/29/2024 11:23:53 AM,1/29/2025 3:02:28 PM,,,2,,,,,,,
2874006,21-047327,2,False,0109,10/9/2021 11:45:00 AM,1145,08X,14,109,Oakland,1,True,True,B,SIDE SWIPE,,Saturday,,,,,False,False,True,,E,PARKED MOTOR VEHICLE,,0,0,CLEAR,,NO UNUSUAL CONDITIONS - NO UNUSUAL CONDITIONS,,A,DAYLIGHT,,,,,,,A,NO PEDESTRIANS INVOLVED,,A,22107,,1,SYCAMORE ST,1,,,A,W,150.0,TELEGRAPH AV,F,,D,7/29/2024 11:23:52 AM,1/29/2025 3:02:28 PM,,,2,,,,,,,
2874005,21-051680,2,False,0109,11/3/2021 1:30:00 PM,1330,11X,14,109,Oakland,1,True,True,A,HEAD-ON,,Wednesday,,,M,,False,False,False,,I,FIXED OBJECT,,0,0,CLEAR,,NO UNUSUAL CONDITIONS - NO UNUSUAL CONDITIONS,,A,DAYLIGHT,,,,,,,A,NO PEDESTRIANS INVOLVED,,A,22107,,1,52TH ST,1,,,A,W,5.0,DOVER ST,F,,D,7/29/2024 11:23:52 AM,1/29/2025 3:02:28 PM,,,2,,,,,,,
2874004,21-047292,2,False,0109,10/9/2021 6:58:00 AM,658,35X,14,109,Oakland,1,True,True,C,REAR END,,Saturday,,,,,False,False,False,,E,PARKED MOTOR VEHICLE,,0,0,CLEAR,,NO UNUSUAL CONDITIONS - NO UNUSUAL CONDITIONS,,A,DAYLIGHT,,,,,,,A,NO PEDESTRIANS INVOLVED,,A,22107,,1,EL MONTE AV,2,,,A,S,200.0,GOLF LINK RD,F,,A,7/29/2024 11:23:52 AM,1/29/2025 3:02:28 PM,,,2,,,,,,,
2874003,21-047390,2,False,0109,10/9/2021 7:40:00 PM,1940,02Y,14,109,Oakland,1,True,True,D,BROADSIDE,,Saturday,,,M,,False,False,False,,C,OTHER MOTOR VEHICLE,,0,0,CLEAR,,NO UNUSUAL CONDITIONS - NO UNUSUAL CONDITIONS,,C,DARK-STREET LIGHTS,,,,,,,A,NO PEDESTRIANS INVOLVED,,A,22107,,1,8TH ST,1,,,A,,,PERALTA ST,,,A,7/29/2024 11:23:52 AM,1/29/2025 3:02:28 PM,,,2,,,,,,,
2874002,21-051792,2,False,0109,11/4/2021 4:36:00 AM,436,04X,14,109,Oakland,1,True,True,D,BROADSIDE,,Thursday,,,M,,False,False,False,,C,OTHER MOTOR VEHICLE,,1,0,RAINING,,NO UNUSUAL CONDITIONS - NO UNUSUAL CONDITIONS,,C,DARK-STREET LIGHTS,,,,,,,A,NO PEDESTRIANS INVOLVED,,A,21453A,,1,14TH ST,1,,,B,,,LAKESIDE DR,,,A,7/29/2024 11:23:52 AM,1/29/2025 3:02:28 PM,,,2,,,,,,,
2873998,21-041725,2,False,0109,9/5/2021 3:15:00 PM,1515,33X,14,109,Oakland,1,True,True,B,SIDE SWIPE,,Sunday,,,M,,False,False,False,,C,OTHER MOTOR VEHICLE,,1,0,CLEAR,,NO UNUSUAL CONDITIONS - NO UNUSUAL CONDITIONS,,A,DAYLIGHT,,,,,,,A,NO PEDESTRIANS INVOLVED,,A,22107,,1,INTERNATIONAL BL,2,,,A,W,15.0,82ND AV,F,,A,7/29/2024 11:23:51 AM,1/29/2025 3:02:28 PM,,,2,,,,,,,
2873996,21-043461,2,False,0109,9/16/2021 9:15:00 AM,915,06X,14,109,Oakland,1,True,True,E,HIT OBJECT,,Thursday,,,,,False,False,True,,I,FIXED OBJECT,,1,0,CLEAR,,NO UNUSUAL CONDITIONS - NO UNUSUAL CONDITIONS,,A,DAYLIGHT,,,,,,,A,NO PEDESTRIANS INVOLVED,,A,22107,,1,TELEGRAPH AV,1,,,A,,,34TH ST,,,A,7/29/2024 11:23:51 AM,1/29/2025 3:02:28 PM,,,2,,,,,,,
2873995,21-042595,2,False,0109,9/10/2021 7:11:00 PM,1911,32Y,14,109,Oakland,1,True,True,H,OTHER,,Friday,,,,,False,False,True,,I,FIXED OBJECT,,1,0,CLEAR,,NO UNUSUAL CONDITIONS - NO UNUSUAL CONDITIONS,,A,DAYLIGHT,,,,,,,A,NO PEDESTRIANS INVOLVED,,A,22107,,1,STANLEY AV,2,,,A,,,99TH AV,,,D,7/29/2024 11:23:51 AM,1/29/2025 3:02:28 PM,,,2,,,,,,,
2873994,21-024247,2,False,0109,9/9/2021 8:36:00 PM,2036,29X,14,109,Oakland,1,True,True,C,REAR END,,Thursday,,,,,False,False,False,,C,OTHER MOTOR VEHICLE,,1,0,CLEAR,,NO UNUSUAL CONDITIONS - NO UNUSUAL CONDITIONS,,C,DARK-STREET LIGHTS,,,,,,,A,NO PEDESTRIANS INVOLVED,,A,22350,,1,FOOTHILL BL,2,,,A,E,100.0,62ND AV,F,,A,7/29/2024 11:23:51 AM,1/29/2025 3:02:28 PM,,,2,,,,,,,
2873993,21-042169,2,False,0109,9/8/2021 8:13:00 AM,813,12Y,14,109,Oakland,1,True,True,D,BROADSIDE,,Wednesday,,,,,False,False,True,,C,OTHER MOTOR VEHICLE,,2,0,CLEAR,,NO UNUSUAL CONDITIONS - NO UNUSUAL CONDITIONS,,A,DAYLIGHT,,,,,,,A,NO PEDESTRIANS INVOLVED,,A,21801A,,1,CLAREMONT AV,1,,,A,,,HILLEGASSE AV,,,C,7/29/2024 11:23:51 AM,1/29/2025 3:02:28 PM,,,2,,,,,,,
2873992,21-043706,2,False,0109,9/17/2021 6:26:00 PM,1826,33X,14,109,Oakland,1,True,True,G,VEHICLE/PEDESTRAIN,,Friday,,,,,False,False,True,,C,OTHER MOTOR VEHICLE,,1,0,CLEAR,,NO UNUSUAL CONDITIONS - NO UNUSUAL CONDITIONS,,A,DAYLIGHT,,,,,,,F,NOT IN ROAD,,A,22107,,1,81ST AV,2,,,A,S,240.0,INTERNATIONAL BL,F,,D,7/29/2024 11:23:50 AM,1/29/2025 3:02:28 PM,,,2,,,,,,,
2873991,21-043552,2,False,0109,9/16/2021 6:23:00 PM,1823,31X,14,109,Oakland,1,True,True,A,HEAD-ON,,Thursday,,,,,False,True,False,,I,FIXED OBJECT,,1,0,CLEAR,,NO UNUSUAL CONDITIONS - NO UNUSUAL CONDITIONS,,A,DAYLIGHT,,,,,,,A,NO PEDESTRIANS INVOLVED,,A,22107,,1,EDES AV,2,,,A,N,20.0,RT 880,F,,A,7/29/2024 11:23:50 AM,1/29/2025 3:02:28 PM,,,2,,,,,,,
2873990,21-043848,2,False,0109,9/18/2021 2:40:00 PM,1440,07X,14,109,Oakland,1,True,True,C,REAR END,,Saturday,,,M,,False,False,False,,C,OTHER MOTOR VEHICLE,,1,0,CLEAR,,NO UNUSUAL CONDITIONS - NO UNUSUAL CONDITIONS,,A,DAYLIGHT,,,,,,,A,NO PEDESTRIANS INVOLVED,,A,22350,,1,SAN PABLO AV,1,,,A,,,SAN PABLO AV 2250,,,D,7/29/2024 11:23:50 AM,1/29/2025 3:02:27 PM,,,2,,,,,,,
2873989,21-043732,2,False,0109,9/17/2021 9:46:00 PM,2146,35X,14,109,Oakland,1,True,True,D,BROADSIDE,,Friday,,,M,,False,False,True,,C,OTHER MOTOR VEHICLE,,1,0,CLOUDY,,NO UNUSUAL CONDITIONS - NO UNUSUAL CONDITIONS,,C,DARK-STREET LIGHTS,,,,,,,A,NO PEDESTRIANS INVOLVED,,A,21453A,,1,BANCROFT AV,2,,,A,,,90TH AV,,,A,7/29/2024 11:23:50 AM,1/29/2025 3:02:27 PM,,,2,,,,,,,
2873988,21-042266,2,False,0109,9/8/2021 7:09:00 PM,1909,23X,14,109,Oakland,1,True,True,D,BROADSIDE,,Wednesday,,,F,,False,False,False,,C,OTHER MOTOR VEHICLE,,2,0,CLEAR,,NO UNUSUAL CONDITIONS - NO UNUSUAL CONDITIONS,,B,DUSK-DAWN,,,,,,,A,NO PEDESTRIANS INVOLVED,,A,21453A,,1,42ND AV,2,,,A,,,FOOTHILL BL,,,A,7/29/2024 11:23:50 AM,1/29/2025 3:02:27 PM,,,2,,,,,,,
2873987,21-041596,2,False,0109,9/4/2021 8:04:00 PM,2004,34X,14,109,Oakland,1,True,True,C,REAR END,,Saturday,,,M,,False,False,False,,C,OTHER MOTOR VEHICLE,,1,0,CLEAR,,NO UNUSUAL CONDITIONS - NO UNUSUAL CONDITIONS,,C,DARK-STREET LIGHTS,,,,,,,A,NO PEDESTRIANS INVOLVED,,A,22350,,1,INTERNATIONAL BL,2,,,A,W,25.0,94TH AV,F,,D,7/29/2024 11:23:50 AM,1/29/2025 3:02:27 PM,,,2,,,,,,,
2873986,21-042087,2,False,0109,9/7/2021 7:19:00 PM,1919,35X,14,109,Oakland,1,True,True,C,REAR END,,Tuesday,,,,,False,False,False,,C,OTHER MOTOR VEHICLE,,1,0,CLEAR,,NO UNUSUAL CONDITIONS - NO UNUSUAL CONDITIONS,,A,DAYLIGHT,,,,,,,A,NO PEDESTRIANS INVOLVED,,A,22350,,1,FOOTHILL BL,2,,,A,,,FRUITVALE AV,,,A,7/29/2024 11:23:49 AM,1/29/2025 3:02:27 PM,,,2,,,,,,,
2873985,21-042092,2,False,0109,9/7/2021 7:20:00 PM,1920,35X,14,109,Oakland,1,True,True,D,BROADSIDE,,Tuesday,,,,,False,False,False,,I,FIXED OBJECT,,1,0,CLEAR,,NO UNUSUAL CONDITIONS - NO UNUSUAL CONDITIONS,,A,DAYLIGHT,,,,,,,A,NO PEDESTRIANS INVOLVED,,A,22107,,1,ELYSIAN FIELDS DR,2,,,A,W,130.0,ENGLEWOOD DR,F,,D,7/29/2024 11:23:49 AM,1/29/2025 3:02:27 PM,,,2,,,,,,,
2873984,21-043118,2,False,0109,9/14/2021 10:17:00 AM,1017,10Y,14,109,Oakland,1,True,True,A,HEAD-ON,,Tuesday,,,,,False,False,True,,C,OTHER MOTOR VEHICLE,,1,0,CLEAR,,NO UNUSUAL CONDITIONS - NO UNUSUAL CONDITIONS,,A,DAYLIGHT,,,,,,,A,NO PEDESTRIANS INVOLVED,,A,22100B,,1,41ST ST,1,,,A,W,20.0,WEST ST,F,,D,7/29/2024 11:23:49 AM,1/29/2025 3:02:27 PM,,,2,,,,,,,
2873983,21-041415,2,False,0109,9/3/2021 5:17:00 PM,1717,02X,14,109,Oakland,1,True,True,D,BROADSIDE,,Friday,,,M,,False,False,False,,C,OTHER MOTOR VEHICLE,,1,0,CLEAR,,NO UNUSUAL CONDITIONS - NO UNUSUAL CONDITIONS,,A,DAYLIGHT,,,,,,,A,NO PEDESTRIANS INVOLVED,,A,21453A,,1,10TH ST,1,,,A,,,ADELINE ST,,,A,7/29/2024 11:23:49 AM,1/29/2025 3:02:27 PM,,,2,,,,,,,
2873982,21-042994,2,False,0109,9/13/2021 1:39:00 PM,1339,19X,14,109,Oakland,1,True,True,D,BROADSIDE,,Monday,,,,,False,False,False,,C,OTHER MOTOR VEHICLE,,1,0,CLEAR,,NO UNUSUAL CONDITIONS - NO UNUSUAL CONDITIONS,,A,DAYLIGHT,,,,,,,A,NO PEDESTRIANS INVOLVED,,A,21801A,,1,KENNEDY ST,1,,,A,S,5.0,E 7TH ST,F,,A,7/29/2024 11:23:49 AM,1/29/2025 3:02:27 PM,,,2,,,,,,,